{"type":"FeatureCollection","features":[{"type":"Feature","properties":{"name":"Bagalkote","districts":["Bagalkote"]},"geometry":{"type":"MultiPolygon","coordinates":[[[[76.241,16.1653],[76.2354,16.1301],[76.2475,16.1262],[76.2461,16.1112],[76.255,16.11],[76.2553,16.0978],[76.2632,16.0978],[76.2709,16.1078],[76.3346,16.0903],[76.3296,16.0763],[76.2943,16.0873],[76.2612,16.0889],[76.2592,16.082],[76.2609,16.0732],[76.303,16.0726],[76.3078,16.0647],[76.3065,16.0244],[76.3133,16.0006],[76.2974,15.9969],[76.2973,15.9919],[76.3023,15.969],[76.3119,15.9543],[76.3221,15.9527],[76.3282,15.9308],[76.311,15.9219],[76.3026,15.9221],[76.3018,15.9276],[76.2857,15.9256],[76.2856,15.9013],[76.2726,15.9086],[76.271,15.903],[76.2614,15.9045],[76.2577,15.9208],[76.2316,15.9207],[76.2284,15.9392],[76.203,15.9408],[76.2028,15.9346],[76.194,15.9298],[76.1738,15.9286],[76.1737,15.9228],[76.1561,15.9114],[76.1463,15.8927],[76.118,15.8849],[76.1023,15.8981],[76.0601,15.9047],[76.0861,15.9924],[76.0822,16.0084],[76.0584,16.0097],[76.0528,16.0021],[76.0224,16.0077],[76.0151,16.0021],[75.9944,16.0037],[75.9775,15.9871],[75.9763,15.9527],[75.9805,15.9526],[75.9757,15.9467],[75.9752,15.9206],[75.9797,15.8767],[75.9719,15.8606],[75.9656,15.8583],[75.9625,15.8637],[75.945,15.865],[75.9414,15.8739],[75.9294,15.8744],[75.9277,15.894],[75.9033,15.9226],[75.8923,15.9184],[75.8775,15.9325],[75.8523,15.9354],[75.8351,15.9244],[75.7771,15.9174],[75.7736,15.9137],[75.7789,15.906],[75.772,15.9008],[75.8117,15.8933],[75.8123,15.8982],[75.8285,15.8992],[75.8339,15.8791],[75.8255,15.8644],[75.8481,15.8686],[75.8457,15.8377],[75.8081,15.8503],[75.7783,15.8504],[75.7741,15.8276],[75.7797,15.8174],[75.7455,15.8135],[75.7113,15.8286],[75.6948,15.8259],[75.6865,15.8298],[75.6766,15.8235],[75.6763,15.8336],[75.6634,15.8366],[75.6571,15.8272],[75.6431,15.8322],[75.6453,15.841],[75.6372,15.8399],[75.6334,15.8317],[75.6206,15.8353],[75.6207,15.8222],[75.5876,15.8336],[75.5762,15.825],[75.5761,15.8302],[75.5702,15.8311],[75.5559,15.8247],[75.557,15.8318],[75.5397,15.8324],[75.5306,15.8352],[75.5294,15.8423],[75.5219,15.8419],[75.5148,15.8492],[75.5221,15.8521],[75.5213,15.8575],[75.5045,15.8556],[75.5058,15.863],[75.4951,15.874],[75.4836,15.8775],[75.4765,15.8725],[75.4601,15.8818],[75.4609,15.8868],[75.4456,15.8884],[75.4468,15.8951],[75.439,15.8938],[75.4414,15.918],[75.4257,15.9211],[75.4399,15.9592],[75.4345,15.9732],[75.4397,16.0004],[75.4276,16.01],[75.4229,16.0321],[75.4169,16.0328],[75.4164,16.0518],[75.428,16.0579],[75.4305,16.0808],[75.4157,16.1088],[75.4111,16.13],[75.4015,16.1131],[75.3938,16.1124],[75.3574,16.1138],[75.3532,16.1269],[75.3243,16.1133],[75.276,16.1181],[75.2912,16.1696],[75.2848,16.1758],[75.2868,16.2007],[75.2809,16.1986],[75.2671,16.2088],[75.2444,16.2062],[75.232,16.2102],[75.2277,16.2343],[75.2357,16.249],[75.2308,16.2508],[75.2319,16.2596],[75.1988,16.274],[75.1266,16.2878],[75.1362,16.3225],[75.1299,16.3279],[75.1016,16.3231],[75.0711,16.3304],[75.0669,16.325],[75.0546,16.3263],[75.0438,16.317],[75.0337,16.3372],[75.034,16.3864],[75.038,16.3932],[75.0728,16.403],[75.0775,16.4357],[75.0246,16.4325],[75.0242,16.4382],[75.0184,16.439],[75.0167,16.4565],[74.9957,16.4581],[74.993,16.5078],[75.008,16.538],[75.0656,16.5401],[75.0703,16.5678],[75.0866,16.5571],[75.1083,16.509],[75.1239,16.509],[75.1379,16.5252],[75.162,16.5345],[75.1664,16.5504],[75.1596,16.563],[75.1578,16.5852],[75.1698,16.6011],[75.2288,16.6167],[75.256,16.6047],[75.2671,16.636],[75.2657,16.6875],[75.2883,16.7116],[75.3636,16.7139],[75.3676,16.7581],[75.4276,16.7668],[75.4477,16.7553],[75.4641,16.7552],[75.4924,16.7452],[75.4941,16.7397],[75.491,16.698],[75.4844,16.6933],[75.4393,16.697],[75.4457,16.6634],[75.4556,16.6631],[75.4615,16.6215],[75.4834,16.6063],[75.4927,16.5926],[75.4844,16.5699],[75.474,16.5605],[75.4839,16.5573],[75.4886,16.5491],[75.4875,16.5314],[75.4922,16.5237],[75.4852,16.519],[75.4866,16.509],[75.4563,16.5056],[75.4602,16.4667],[75.4347,16.4374],[75.4347,16.4289],[75.45,16.4133],[75.4934,16.4195],[75.5006,16.4331],[75.4989,16.4516],[75.5363,16.4646],[75.5529,16.456],[75.5569,16.4221],[75.5725,16.41],[75.5922,16.4378],[75.6046,16.4448],[75.6434,16.4402],[75.7245,16.3904],[75.7823,16.3799],[75.8387,16.3507],[75.874,16.3431],[75.8912,16.3261],[75.9345,16.3137],[75.9592,16.2975],[76.0283,16.2984],[76.0669,16.2588],[76.0685,16.2417],[76.0598,16.2194],[76.0668,16.2078],[76.1415,16.1805],[76.17,16.1839],[76.241,16.1653]]]]}},{"type":"Feature","properties":{"name":"Ballari","districts":["Ballari","Vijayanagara"]},"geometry":{"type":"MultiPolygon","coordinates":[[[[77.1576,15.1371],[77.1589,15.126],[77.1525,15.1128],[77.1324,15.0991],[77.1209,15.0456],[77.1144,15.0341],[77.0868,15.0277],[77.0836,15.0055],[77.0457,15.0109],[77.0515,15.0346],[77.0052,15.0349],[76.988,15.0257],[76.9862,15.0157],[76.9471,15.0323],[76.9004,15.0371],[76.8808,15.0338],[76.8646,15.0618],[76.8008,15.0957],[76.778,15.0763],[76.7749,15.0591],[76.7884,15.0217],[76.7608,14.988],[76.7363,14.987],[76.7285,15.0041],[76.7373,15.0241],[76.734,15.033],[76.7034,15.0311],[76.7028,15.0167],[76.6862,15.0186],[76.6893,15.027],[76.6731,15.0189],[76.689,14.9801],[76.7179,14.9725],[76.7187,14.9638],[76.7154,14.9428],[76.7075,14.9415],[76.706,14.9303],[76.6616,14.9417],[76.6656,14.9158],[76.6781,14.9112],[76.6826,14.8882],[76.6982,14.8889],[76.7144,14.8622],[76.7146,14.8396],[76.7426,14.8231],[76.7405,14.8144],[76.7023,14.8158],[76.6716,14.7929],[76.6666,14.7741],[76.6505,14.7567],[76.6492,14.7183],[76.6119,14.6867],[76.6121,14.6703],[76.5994,14.666],[76.5994,14.6573],[76.6131,14.6493],[76.5985,14.6326],[76.6034,14.6242],[76.5857,14.6152],[76.5504,14.5745],[76.5292,14.5635],[76.5114,14.5614],[76.4939,14.569],[76.4251,14.5813],[76.4326,14.619],[76.3945,14.6278],[76.3916,14.6491],[76.3757,14.6495],[76.3814,14.6611],[76.3447,14.6664],[76.3389,14.686],[76.3237,14.6923],[76.2781,14.6868],[76.2725,14.6959],[76.2537,14.6976],[76.2315,14.6488],[76.2052,14.6779],[76.1952,14.6814],[76.193,14.6973],[76.187,14.7007],[76.1883,14.7189],[76.2005,14.7286],[76.2044,14.74],[76.1947,14.766],[76.182,14.7663],[76.1702,14.785],[76.1541,14.7855],[76.146,14.8032],[76.1492,14.8215],[76.1593,14.83],[76.1964,14.8198],[76.1907,14.8469],[76.158,14.8479],[76.1567,14.8603],[76.132,14.8612],[76.1277,14.8696],[76.0746,14.8683],[76.0675,14.8833],[76.0805,14.8997],[76.0818,14.91],[76.0706,14.9087],[76.0524,14.9181],[76.0489,14.9286],[76.0314,14.9192],[76.0128,14.8988],[76.007,14.9052],[75.9974,14.8981],[75.9866,14.9068],[75.9782,14.8986],[75.9719,14.9072],[75.942,14.9],[75.9371,14.893],[75.9006,14.8825],[75.8874,14.8695],[75.8746,14.8686],[75.8708,14.8543],[75.8555,14.8637],[75.8574,14.8821],[75.8433,14.8898],[75.8334,14.8828],[75.828,14.8978],[75.8205,14.9001],[75.8038,14.8741],[75.8115,14.8462],[75.8073,14.8426],[75.8136,14.835],[75.8189,14.8363],[75.837,14.8059],[75.8285,14.7823],[75.8007,14.7692],[75.7728,14.7927],[75.772,14.7847],[75.761,14.7774],[75.7571,14.7383],[75.7175,14.718],[75.7063,14.7217],[75.7027,14.7296],[75.7191,14.7471],[75.7242,14.7685],[75.6648,14.8025],[75.6902,14.854],[75.6947,14.8584],[75.6972,14.8522],[75.715,14.8519],[75.7229,14.864],[75.734,14.8637],[75.7391,14.8873],[75.729,14.8971],[75.6972,14.892],[75.6846,14.9299],[75.6868,14.9431],[75.7232,14.9504],[75.7435,14.9442],[75.7614,14.9663],[75.7809,14.9769],[75.7857,14.9997],[75.8104,15.0235],[75.8324,15.0272],[75.8448,15.0428],[75.864,15.0339],[75.8747,15.0352],[75.8868,15.053],[75.9051,15.0553],[75.9107,15.0756],[75.8839,15.1012],[75.9053,15.1314],[75.9322,15.1408],[75.9566,15.1375],[75.9784,15.153],[76.0371,15.144],[76.0563,15.156],[76.0937,15.1628],[76.1069,15.1754],[76.1138,15.1982],[76.1251,15.2028],[76.1589,15.1975],[76.1629,15.2163],[76.1879,15.235],[76.2324,15.2328],[76.2207,15.2005],[76.231,15.1906],[76.2487,15.1913],[76.2593,15.2048],[76.2685,15.2061],[76.2814,15.2181],[76.2915,15.2412],[76.3108,15.2605],[76.3341,15.2629],[76.3526,15.3116],[76.363,15.3254],[76.3854,15.3285],[76.4071,15.3236],[76.4336,15.3385],[76.4498,15.3378],[76.4811,15.3479],[76.4909,15.3424],[76.556,15.3941],[76.5918,15.4124],[76.6119,15.4415],[76.6695,15.4503],[76.683,15.4689],[76.7136,15.4893],[76.7811,15.4929],[76.7962,15.4996],[76.813,15.5147],[76.8093,15.5381],[76.814,15.5466],[76.8357,15.5612],[76.8341,15.6157],[76.8393,15.6296],[76.8602,15.6433],[76.8931,15.6828],[76.9119,15.6904],[76.9387,15.7513],[77.0282,15.8339],[77.0538,15.8246],[77.0561,15.8288],[77.0678,15.8276],[77.0654,15.8024],[77.0712,15.8006],[77.0664,15.7829],[77.0524,15.7653],[77.0571,15.7634],[77.0471,15.739],[77.051,15.7296],[77.0803,15.726],[77.0803,15.715],[77.0884,15.7136],[77.08,15.6955],[77.1292,15.6638],[77.1204,15.6299],[77.0855,15.6576],[77.0729,15.6456],[77.0332,15.6385],[77.0277,15.5811],[77.0307,15.5048],[77.0,15.5045],[76.9758,15.5111],[76.9743,15.4957],[77.0,15.4723],[77.0102,15.4531],[77.0315,15.4401],[77.0327,15.4062],[77.0481,15.3887],[77.0423,15.3638],[77.0672,15.343],[77.0659,15.3269],[77.1142,15.3324],[77.12,15.295],[77.1526,15.2909],[77.1498,15.2713],[77.1689,15.2644],[77.17,15.2563],[77.1449,15.2568],[77.1373,15.2399],[77.1281,15.2386],[77.1255,15.2265],[77.1461,15.2234],[77.1629,15.1992],[77.1693,15.1739],[77.1625,15.1544],[77.1417,15.1546],[77.1368,15.1481],[77.1401,15.1414],[77.1576,15.1371]]]]}},{"type":"Feature","properties":{"name":"Belagavi","districts":["Belagavi"]},"geometry":{"type":"MultiPolygon","coordinates":[[[[75.0265,16.9326],[75.0283,16.9272],[75.0472,16.9412],[75.0908,16.9487],[75.0946,16.9154],[75.1155,16.9115],[75.1203,16.902],[75.1352,16.8945],[75.1379,16.8751],[75.1687,16.8664],[75.1867,16.8751],[75.1895,16.8712],[75.1802,16.8437],[75.2272,16.8426],[75.2382,16.8646],[75.2656,16.8625],[75.283,16.8805],[75.2892,16.9028],[75.2829,16.9111],[75.282,16.9551],[75.3429,16.9541],[75.3339,16.9144],[75.3346,16.8681],[75.3946,16.8605],[75.3779,16.8083],[75.3878,16.7619],[75.3676,16.7581],[75.3636,16.7139],[75.2905,16.7129],[75.2688,16.6928],[75.2637,16.6783],[75.2671,16.636],[75.256,16.6047],[75.2288,16.6167],[75.1698,16.6011],[75.1578,16.5852],[75.1596,16.563],[75.1664,16.5504],[75.162,16.5345],[75.1379,16.5252],[75.1157,16.5063],[75.1083,16.509],[75.0866,16.5571],[75.0703,16.5678],[75.0656,16.5401],[75.008,16.538],[74.993,16.5078],[74.9931,16.4653],[74.9976,16.456],[75.0167,16.4565],[75.0184,16.439],[75.0242,16.4382],[75.0246,16.4325],[75.0775,16.4357],[75.0728,16.403],[75.038,16.3932],[75.034,16.3864],[75.0337,16.3372],[75.0438,16.317],[75.0546,16.3263],[75.0669,16.325],[75.0711,16.3304],[75.1016,16.3231],[75.1209,16.3288],[75.134,16.3264],[75.1266,16.2878],[75.2165,16.2682],[75.2319,16.2596],[75.2308,16.2508],[75.2357,16.249],[75.2277,16.2343],[75.232,16.2102],[75.2444,16.2062],[75.2671,16.2088],[75.2809,16.1986],[75.2868,16.2007],[75.2848,16.1758],[75.2912,16.1696],[75.276,16.1181],[75.3243,16.1133],[75.3532,16.1269],[75.3574,16.1138],[75.3938,16.1124],[75.4015,16.1131],[75.4111,16.13],[75.4157,16.1088],[75.4305,16.0808],[75.428,16.0579],[75.4164,16.0518],[75.4169,16.0328],[75.4229,16.0321],[75.4276,16.01],[75.4397,16.0004],[75.4345,15.9732],[75.4399,15.9592],[75.4257,15.9211],[75.4414,15.918],[75.439,15.8938],[75.4468,15.8951],[75.4456,15.8884],[75.4555,15.8865],[75.4602,15.8166],[75.4491,15.7939],[75.441,15.7941],[75.4381,15.7796],[75.4161,15.7836],[75.4277,15.8424],[75.3935,15.8379],[75.3775,15.843],[75.3653,15.8047],[75.3423,15.8038],[75.3409,15.8263],[75.3308,15.8233],[75.3337,15.8151],[75.3219,15.809],[75.3039,15.8108],[75.3049,15.7668],[75.3175,15.765],[75.3185,15.7445],[75.314,15.7312],[75.3026,15.7283],[75.2925,15.7276],[75.2937,15.7399],[75.2754,15.7393],[75.2788,15.689],[75.2732,15.6505],[75.2507,15.6464],[75.2373,15.6794],[75.2185,15.6819],[75.2026,15.6817],[75.2031,15.6499],[75.1877,15.6493],[75.1858,15.6573],[75.1709,15.6614],[75.1426,15.6595],[75.107,15.6717],[75.1008,15.6621],[75.0926,15.6087],[75.082,15.6221],[75.0569,15.6313],[75.0642,15.67],[75.0616,15.6808],[75.0498,15.6819],[75.0474,15.6714],[75.0302,15.6687],[75.0288,15.6526],[75.0203,15.6449],[74.9674,15.6514],[74.9638,15.6253],[74.9326,15.6224],[74.9139,15.6305],[74.8903,15.6298],[74.8786,15.6168],[74.8421,15.6068],[74.8307,15.6094],[74.8309,15.5896],[74.8405,15.5743],[74.7979,15.5459],[74.8117,15.5204],[74.8135,15.5032],[74.804,15.5012],[74.7958,15.4871],[74.7872,15.4846],[74.7891,15.4724],[74.7769,15.4596],[74.7657,15.4737],[74.7613,15.4696],[74.7467,15.4945],[74.7271,15.4892],[74.7342,15.4683],[74.7449,15.4614],[74.7307,15.4295],[74.7424,15.4195],[74.7426,15.4115],[74.7179,15.4115],[74.7072,15.4064],[74.6992,15.4099],[74.6918,15.3991],[74.6542,15.3901],[74.6517,15.3948],[74.6383,15.3818],[74.6381,15.3739],[74.6143,15.3587],[74.5676,15.4034],[74.5443,15.4173],[74.5345,15.4192],[74.5153,15.4033],[74.4999,15.4046],[74.4798,15.3959],[74.4702,15.403],[74.4676,15.4138],[74.4548,15.4024],[74.4495,15.4087],[74.4265,15.3971],[74.4206,15.462],[74.4116,15.4756],[74.3862,15.4855],[74.3755,15.482],[74.3403,15.5188],[74.2764,15.5228],[74.2809,15.5283],[74.2725,15.551],[74.2611,15.5657],[74.2477,15.5681],[74.262,15.6118],[74.2559,15.6251],[74.2459,15.626],[74.2506,15.6362],[74.2486,15.6564],[74.2383,15.6678],[74.2301,15.6641],[74.2248,15.6687],[74.2173,15.6611],[74.222,15.6552],[74.2064,15.6512],[74.2047,15.6632],[74.1894,15.6671],[74.1908,15.6811],[74.1832,15.6831],[74.1684,15.6723],[74.1664,15.6542],[74.1356,15.6493],[74.1047,15.6572],[74.0891,15.673],[74.1102,15.6729],[74.1264,15.6806],[74.1343,15.7025],[74.1234,15.72],[74.153,15.7365],[74.1606,15.7514],[74.1975,15.7555],[74.2044,15.7607],[74.2105,15.7809],[74.2205,15.7878],[74.2322,15.7867],[74.2285,15.7561],[74.2434,15.7433],[74.2674,15.7553],[74.2857,15.7415],[74.3177,15.7587],[74.3234,15.7725],[74.3447,15.7655],[74.3587,15.7758],[74.3697,15.8033],[74.3679,15.8126],[74.3602,15.8176],[74.3834,15.8384],[74.3832,15.8462],[74.3383,15.8541],[74.3609,15.8732],[74.368,15.8937],[74.3874,15.8539],[74.4056,15.8547],[74.3932,15.8764],[74.3933,15.8979],[74.3858,15.9032],[74.4293,15.9532],[74.4441,15.9853],[74.4438,16.0006],[74.4645,16.0426],[74.4622,16.0487],[74.4304,16.0587],[74.4095,16.053],[74.3839,16.0371],[74.3724,16.0386],[74.3756,16.0555],[74.3619,16.0549],[74.3748,16.0802],[74.3911,16.0803],[74.3912,16.0891],[74.4092,16.0938],[74.4124,16.1028],[74.4286,16.1126],[74.4587,16.1041],[74.4761,16.0889],[74.4834,16.0893],[74.4907,16.1035],[74.4853,16.1439],[74.4801,16.1489],[74.489,16.157],[74.4921,16.1833],[74.5073,16.1902],[74.5077,16.2031],[74.4964,16.216],[74.5027,16.2248],[74.4783,16.2486],[74.4674,16.2404],[74.4576,16.2437],[74.4554,16.2503],[74.4165,16.2593],[74.4152,16.2824],[74.3851,16.2774],[74.3842,16.292],[74.3738,16.2953],[74.3562,16.2889],[74.3469,16.2936],[74.3535,16.2814],[74.3274,16.2699],[74.3222,16.2812],[74.3253,16.288],[74.3423,16.2933],[74.3341,16.3134],[74.3256,16.3125],[74.325,16.3182],[74.3336,16.3187],[74.3308,16.3252],[74.3165,16.3269],[74.3226,16.3344],[74.3169,16.3416],[74.3279,16.3423],[74.3172,16.3554],[74.3257,16.3587],[74.3189,16.381],[74.3261,16.3773],[74.3285,16.3904],[74.3366,16.3924],[74.3455,16.368],[74.3553,16.3665],[74.3532,16.3806],[74.3624,16.3929],[74.3615,16.4002],[74.3532,16.4057],[74.3362,16.4022],[74.3308,16.4219],[74.3373,16.4272],[74.3324,16.4538],[74.3154,16.4517],[74.298,16.4625],[74.2896,16.4607],[74.2932,16.5043],[74.2822,16.5054],[74.2738,16.491],[74.2758,16.4842],[74.262,16.4777],[74.2463,16.4965],[74.279,16.505],[74.2777,16.5181],[74.2699,16.5222],[74.2652,16.535],[74.2696,16.5461],[74.2815,16.5411],[74.2829,16.5242],[74.2878,16.5332],[74.3003,16.5308],[74.3075,16.5037],[74.3173,16.5079],[74.3157,16.5461],[74.3229,16.5551],[74.3396,16.5481],[74.3592,16.5587],[74.3629,16.5549],[74.3565,16.5502],[74.3562,16.5404],[74.3837,16.5295],[74.3894,16.5373],[74.3892,16.5611],[74.3949,16.5625],[74.3973,16.5803],[74.4227,16.5843],[74.4348,16.6003],[74.4665,16.6064],[74.4569,16.6461],[74.4588,16.6545],[74.4715,16.6623],[74.48,16.6407],[74.4922,16.6282],[74.5459,16.6348],[74.5443,16.5938],[74.5601,16.592],[74.5643,16.5829],[74.5542,16.573],[74.5542,16.5614],[74.5686,16.5536],[74.5866,16.5572],[74.588,16.5655],[74.5995,16.5638],[74.6117,16.5696],[74.6187,16.5836],[74.6312,16.5774],[74.6376,16.6084],[74.6588,16.6027],[74.6735,16.6082],[74.6854,16.6061],[74.6894,16.6168],[74.6609,16.6303],[74.6554,16.6392],[74.6667,16.6651],[74.6911,16.6766],[74.6823,16.6806],[74.6907,16.6874],[74.6933,16.7168],[74.7318,16.7174],[74.7704,16.7424],[74.7744,16.7502],[74.7959,16.7472],[74.7996,16.7523],[74.846,16.7619],[74.8507,16.7723],[74.9198,16.7715],[74.9118,16.7873],[74.9079,16.8575],[74.9331,16.8707],[74.9357,16.878],[74.9602,16.8794],[74.9634,16.9069],[74.9489,16.908],[74.9342,16.918],[74.923,16.9271],[74.9245,16.9367],[74.9344,16.9424],[74.9485,16.9377],[74.9506,16.9315],[74.9656,16.9374],[74.982,16.9305],[75.0,16.9473],[75.0267,16.943],[75.0265,16.9326]]],[[[74.2897,15.8308],[74.3091,15.7986],[74.2978,15.7886],[74.2923,15.7939],[74.2871,15.7883],[74.2664,15.7932],[74.2682,15.8092],[74.2603,15.8269],[74.2897,15.8308]]]]}},{"type":"Feature","properties":{"name":"Bengaluru North","districts":["Bengaluru North"]},"geometry":{"type":"MultiPolygon","coordinates":[[[[77.387,13.5],[77.4154,13.4947],[77.4259,13.4851],[77.4268,13.4722],[77.4375,13.4639],[77.4871,13.4664],[77.5058,13.4564],[77.523,13.4332],[77.5502,13.4346],[77.5556,13.4173],[77.5921,13.4208],[77.5929,13.435],[77.6039,13.4408],[77.6152,13.4205],[77.6136,13.4153],[77.6013,13.4143],[77.6027,13.3966],[77.6085,13.4038],[77.6186,13.4012],[77.6157,13.3852],[77.6234,13.3752],[77.6346,13.3747],[77.6409,13.3925],[77.6593,13.3969],[77.6556,13.3857],[77.6633,13.3785],[77.66,13.3552],[77.6812,13.3449],[77.6864,13.3513],[77.6998,13.3351],[77.7065,13.3443],[77.7032,13.3587],[77.7159,13.3649],[77.7199,13.3506],[77.7312,13.352],[77.7322,13.3586],[77.7382,13.3597],[77.7462,13.3541],[77.7545,13.3613],[77.7925,13.351],[77.8007,13.3384],[77.81,13.338],[77.8284,13.3258],[77.82,13.3103],[77.8135,13.3089],[77.8286,13.3032],[77.8311,13.2907],[77.8191,13.2944],[77.8112,13.2613],[77.822,13.2578],[77.8214,13.2536],[77.8103,13.2406],[77.8138,13.2386],[77.8225,13.2499],[77.8516,13.2401],[77.85,13.2203],[77.8561,13.2179],[77.864,13.2389],[77.877,13.2322],[77.8807,13.2489],[77.8921,13.255],[77.9067,13.2489],[77.9047,13.2412],[77.8925,13.2331],[77.9121,13.2286],[77.916,13.2375],[77.9464,13.2408],[77.9504,13.247],[77.9665,13.2434],[77.9647,13.2302],[77.9464,13.2145],[77.9582,13.2174],[77.9568,13.2011],[77.9631,13.1859],[77.9548,13.1598],[77.9588,13.1572],[77.9576,13.1245],[77.94,13.1224],[77.9382,13.1067],[77.9159,13.1164],[77.9148,13.1091],[77.9027,13.099],[77.9124,13.0937],[77.9143,13.0805],[77.9255,13.0798],[77.9274,13.075],[77.9365,13.0756],[77.9418,13.0827],[77.9409,13.0684],[77.9288,13.0674],[77.9164,13.0482],[77.8973,13.0523],[77.8937,13.0481],[77.8883,13.0097],[77.8775,13.0002],[77.8733,12.9733],[77.865,12.9718],[77.8723,12.9591],[77.8679,12.9503],[77.8756,12.9426],[77.8696,12.9322],[77.8551,12.9309],[77.8415,12.9193],[77.8435,12.9134],[77.8642,12.9127],[77.8548,12.8923],[77.8556,12.8794],[77.8681,12.8758],[77.8688,12.8668],[77.8355,12.8681],[77.8157,12.9278],[77.8014,12.9188],[77.7672,12.9377],[77.7744,12.9484],[77.7681,12.9599],[77.7863,12.9648],[77.7758,12.9766],[77.7849,13.0364],[77.7831,13.0458],[77.7706,13.0501],[77.7644,13.0653],[77.7623,13.075],[77.768,13.0876],[77.762,13.1122],[77.7346,13.1143],[77.7415,13.1218],[77.7293,13.1593],[77.7293,13.1877],[77.7017,13.1867],[77.6906,13.1978],[77.6894,13.192],[77.6585,13.1861],[77.6538,13.2006],[77.6204,13.2048],[77.6073,13.2011],[77.5989,13.1889],[77.5705,13.2009],[77.5701,13.2129],[77.5574,13.2142],[77.5594,13.2315],[77.5476,13.2314],[77.5218,13.2092],[77.5125,13.224],[77.4798,13.221],[77.4749,13.2141],[77.4769,13.195],[77.4684,13.1624],[77.4298,13.1635],[77.406,13.1242],[77.4049,13.1129],[77.4197,13.1045],[77.4303,13.0678],[77.4024,13.0705],[77.385,13.0646],[77.3874,13.0512],[77.3987,13.0539],[77.3939,13.0283],[77.3788,13.0291],[77.3798,13.0187],[77.3735,13.0155],[77.3802,12.9939],[77.3455,12.97],[77.3403,12.976],[77.3307,12.9727],[77.3263,12.9765],[77.3211,13.0118],[77.3313,13.0297],[77.3249,13.0488],[77.3127,13.0588],[77.3103,13.103],[77.2706,13.1318],[77.2734,13.1436],[77.2657,13.1538],[77.2237,13.1486],[77.2203,13.1633],[77.2047,13.1838],[77.2078,13.1933],[77.2031,13.1927],[77.1937,13.2207],[77.1828,13.2271],[77.192,13.2414],[77.187,13.2552],[77.1891,13.2716],[77.2094,13.2618],[77.2195,13.2629],[77.2233,13.2945],[77.2311,13.3107],[77.2465,13.3022],[77.2715,13.3102],[77.2768,13.2983],[77.2836,13.2974],[77.2827,13.3097],[77.3086,13.3105],[77.3131,13.3223],[77.3398,13.3296],[77.3469,13.346],[77.3437,13.3784],[77.3495,13.4173],[77.3605,13.4165],[77.3652,13.4256],[77.3505,13.4527],[77.3742,13.4706],[77.3733,13.4796],[77.387,13.5]]],[[[77.2934,12.3554],[77.2923,12.351],[77.2868,12.3538],[77.2886,12.361],[77.2934,12.3554]]]]}},{"type":"Feature","properties":{"name":"Bengaluru South","districts":["Bengaluru South"]},"geometry":{"type":"MultiPolygon","coordinates":[[[[77.2047,13.1838],[77.2203,13.1633],[77.2237,13.1486],[77.2657,13.1538],[77.2734,13.1436],[77.2706,13.1318],[77.3103,13.103],[77.3127,13.0588],[77.3249,13.0488],[77.3313,13.0297],[77.3211,13.0118],[77.3334,12.9469],[77.3457,12.9412],[77.3388,12.9338],[77.3422,12.9136],[77.3378,12.9088],[77.3489,12.8675],[77.3669,12.8708],[77.3783,12.8534],[77.3946,12.8617],[77.3974,12.8691],[77.403,12.8637],[77.4088,12.874],[77.4198,12.8704],[77.4309,12.8769],[77.4315,12.8709],[77.4218,12.8683],[77.439,12.8497],[77.4385,12.8394],[77.4264,12.8348],[77.4235,12.8258],[77.4379,12.8229],[77.4339,12.8163],[77.4452,12.8072],[77.4537,12.818],[77.4666,12.8088],[77.4821,12.8077],[77.4857,12.799],[77.472,12.7928],[77.4789,12.7788],[77.4777,12.7539],[77.5067,12.7354],[77.5162,12.7445],[77.521,12.7437],[77.5241,12.7325],[77.5393,12.7545],[77.5454,12.753],[77.5446,12.7633],[77.5526,12.7733],[77.5446,12.7756],[77.5513,12.7861],[77.5421,12.7985],[77.5592,12.7996],[77.5552,12.7883],[77.5641,12.7856],[77.5576,12.7799],[77.5688,12.7587],[77.5737,12.7795],[77.583,12.7865],[77.5946,12.7821],[77.5982,12.756],[77.589,12.7492],[77.5778,12.7516],[77.5704,12.736],[77.5731,12.7315],[77.5594,12.7302],[77.5614,12.7124],[77.5705,12.6987],[77.5973,12.7187],[77.6183,12.7056],[77.5951,12.6643],[77.6076,12.6299],[77.5918,12.6139],[77.5912,12.5931],[77.5798,12.5668],[77.5884,12.5159],[77.6163,12.5088],[77.5853,12.4773],[77.6067,12.4736],[77.6273,12.4945],[77.6353,12.4863],[77.6283,12.4522],[77.6303,12.4175],[77.6235,12.4069],[77.6166,12.3693],[77.5788,12.3332],[77.5663,12.3062],[77.5554,12.3017],[77.5529,12.2927],[77.5337,12.29],[77.5285,12.2785],[77.4885,12.2785],[77.4803,12.2707],[77.473,12.2446],[77.4489,12.2504],[77.4303,12.2867],[77.3989,12.2783],[77.3641,12.2824],[77.347,12.2788],[77.3406,12.2829],[77.3228,12.3071],[77.3337,12.3531],[77.3287,12.3656],[77.3145,12.3899],[77.2873,12.3919],[77.282,12.4043],[77.2847,12.4279],[77.2711,12.4346],[77.2753,12.4392],[77.2695,12.4649],[77.2593,12.462],[77.2559,12.4692],[77.2382,12.4692],[77.2349,12.4817],[77.2265,12.4751],[77.2274,12.4879],[77.2393,12.4873],[77.2396,12.4991],[77.225,12.4997],[77.2228,12.4908],[77.2103,12.4847],[77.2007,12.488],[77.1992,12.483],[77.1784,12.4784],[77.1692,12.4835],[77.1666,12.4751],[77.1584,12.4746],[77.1477,12.4616],[77.1411,12.4622],[77.1243,12.4849],[77.1332,12.5009],[77.1255,12.5299],[77.1149,12.5425],[77.115,12.553],[77.1291,12.5516],[77.1304,12.5677],[77.1086,12.6012],[77.1119,12.6152],[77.1242,12.6227],[77.102,12.6287],[77.0985,12.6749],[77.0767,12.6783],[77.074,12.7012],[77.0856,12.7401],[77.0822,12.7559],[77.0943,12.7523],[77.1003,12.7742],[77.1079,12.7771],[77.1209,12.7717],[77.1495,12.783],[77.152,12.792],[77.1412,12.8085],[77.1571,12.825],[77.1505,12.8326],[77.1505,12.847],[77.1334,12.8581],[77.1333,12.8871],[77.121,12.8852],[77.1118,12.8908],[77.1287,12.9011],[77.1383,12.8988],[77.1438,12.9153],[77.1602,12.9116],[77.1687,12.9296],[77.1597,12.9412],[77.1605,12.956],[77.1336,12.9738],[77.1344,12.9842],[77.147,12.988],[77.1377,12.9954],[77.1366,13.0034],[77.1267,13.0058],[77.1305,12.9938],[77.1071,12.9924],[77.1009,13.0005],[77.1184,13.0135],[77.0758,13.0369],[77.073,13.0456],[77.0784,13.0574],[77.0715,13.0668],[77.0838,13.0866],[77.0723,13.1133],[77.0731,13.1241],[77.0938,13.1339],[77.0973,13.143],[77.1062,13.1408],[77.1079,13.1311],[77.117,13.129],[77.1211,13.161],[77.1399,13.1742],[77.1495,13.1733],[77.1569,13.1912],[77.1668,13.1945],[77.1697,13.1829],[77.2047,13.1838]]]]}},{"type":"Feature","properties":{"name":"Bengaluru Urban","districts":["Bengaluru Urban"]},"geometry":{"type":"MultiPolygon","coordinates":[[[[77.8355,12.8681],[77.8235,12.8531],[77.7947,12.8429],[77.7979,12.8327],[77.8109,12.8299],[77.8106,12.8147],[77.8043,12.8149],[77.8013,12.8054],[77.8094,12.796],[77.7979,12.7904],[77.7816,12.7689],[77.7838,12.7602],[77.7949,12.7542],[77.7929,12.7479],[77.763,12.7342],[77.7616,12.7275],[77.773,12.7236],[77.7603,12.6963],[77.7435,12.7006],[77.7372,12.6919],[77.7414,12.6731],[77.7253,12.6721],[77.7241,12.6793],[77.7137,12.6828],[77.7054,12.6603],[77.6883,12.658],[77.6777,12.6596],[77.6757,12.6733],[77.6801,12.6802],[77.6641,12.6831],[77.6,12.6663],[77.5989,12.6571],[77.5951,12.6643],[77.6183,12.7056],[77.5973,12.7187],[77.5705,12.6987],[77.5595,12.7215],[77.5594,12.7302],[77.5731,12.7315],[77.5704,12.736],[77.5778,12.7516],[77.589,12.7492],[77.5982,12.756],[77.5946,12.7821],[77.583,12.7865],[77.5737,12.7795],[77.5688,12.7587],[77.5576,12.7799],[77.5641,12.7856],[77.5552,12.7883],[77.5592,12.7996],[77.5421,12.7985],[77.5513,12.7861],[77.5446,12.7756],[77.5526,12.7733],[77.5446,12.7633],[77.5454,12.753],[77.5393,12.7545],[77.5217,12.7319],[77.521,12.7437],[77.5067,12.7354],[77.4904,12.7428],[77.4777,12.7539],[77.475,12.766],[77.4789,12.7788],[77.472,12.7928],[77.4857,12.799],[77.4821,12.8077],[77.4666,12.8088],[77.4537,12.818],[77.4452,12.8072],[77.4339,12.8163],[77.4379,12.8229],[77.4235,12.8258],[77.4264,12.8348],[77.4385,12.8394],[77.439,12.8497],[77.4218,12.8683],[77.4315,12.8709],[77.4309,12.8769],[77.4198,12.8704],[77.4088,12.874],[77.403,12.8637],[77.3974,12.8691],[77.3946,12.8617],[77.3783,12.8534],[77.3669,12.8708],[77.3489,12.8675],[77.3378,12.9088],[77.3422,12.9136],[77.3388,12.9338],[77.3457,12.9412],[77.3334,12.9469],[77.3306,12.9739],[77.3403,12.976],[77.3455,12.97],[77.3556,12.9737],[77.3615,12.9835],[77.3802,12.9939],[77.3735,13.0155],[77.3798,13.0187],[77.3788,13.0291],[77.3939,13.0283],[77.3987,13.0539],[77.3874,13.0512],[77.385,13.0646],[77.4024,13.0705],[77.4303,13.0678],[77.4197,13.1045],[77.4049,13.1129],[77.406,13.1242],[77.4298,13.1635],[77.4684,13.1624],[77.4769,13.195],[77.4749,13.2141],[77.4798,13.221],[77.5125,13.224],[77.5218,13.2092],[77.5476,13.2314],[77.5594,13.2315],[77.5574,13.2142],[77.5701,13.2129],[77.5705,13.2009],[77.5989,13.1889],[77.6073,13.2011],[77.6204,13.2048],[77.6538,13.2006],[77.6585,13.1861],[77.6894,13.192],[77.6906,13.1978],[77.7017,13.1867],[77.7293,13.1877],[77.7293,13.1593],[77.7415,13.1218],[77.7346,13.1143],[77.762,13.1122],[77.768,13.0876],[77.7623,13.075],[77.7644,13.0653],[77.7706,13.0501],[77.7831,13.0458],[77.7849,13.0364],[77.7758,12.9766],[77.7863,12.9648],[77.7681,12.9599],[77.7744,12.9484],[77.7672,12.9377],[77.8014,12.9188],[77.8157,12.9278],[77.8355,12.8681]]]]}},{"type":"Feature","properties":{"name":"Bidar","districts":["Bidar"]},"geometry":{"type":"MultiPolygon","coordinates":[[[[77.3403,18.4369],[77.3451,18.4317],[77.3571,18.4502],[77.3727,18.4491],[77.3675,18.4313],[77.3729,18.4022],[77.4037,18.3994],[77.4133,18.3901],[77.4111,18.3801],[77.395,18.3675],[77.4015,18.3491],[77.396,18.3422],[77.3824,18.3407],[77.3812,18.3303],[77.3585,18.3201],[77.3656,18.3099],[77.411,18.3013],[77.4311,18.3109],[77.4396,18.3082],[77.4402,18.2838],[77.4482,18.279],[77.4485,18.2719],[77.4688,18.2618],[77.4837,18.2704],[77.4956,18.2677],[77.5137,18.2803],[77.513,18.3085],[77.5232,18.3092],[77.5645,18.285],[77.5742,18.2923],[77.6067,18.2799],[77.5761,18.2425],[77.5886,18.2187],[77.578,18.2019],[77.5679,18.2025],[77.5679,18.192],[77.5736,18.1911],[77.583,18.1642],[77.6015,18.1539],[77.5972,18.13],[77.6043,18.1016],[77.6012,18.0865],[77.571,18.0784],[77.5603,18.0643],[77.5511,18.0658],[77.5494,18.0559],[77.5568,18.0369],[77.5887,18.027],[77.596,18.0124],[77.6104,18.0203],[77.6326,17.9948],[77.6421,17.9989],[77.65,17.9955],[77.6528,17.9808],[77.6475,17.9758],[77.6573,17.9717],[77.6481,17.9651],[77.6479,17.9488],[77.6357,17.9559],[77.6336,17.9653],[77.6276,17.9601],[77.6327,17.9509],[77.6206,17.9405],[77.6204,17.9053],[77.5889,17.9106],[77.5868,17.9008],[77.6016,17.8795],[77.6005,17.8729],[77.5851,17.8782],[77.5765,17.8752],[77.5535,17.8205],[77.5485,17.8195],[77.5474,17.8287],[77.5297,17.8293],[77.5298,17.8141],[77.5145,17.8039],[77.5081,17.7851],[77.5267,17.7821],[77.5582,17.7638],[77.5698,17.7667],[77.5658,17.7497],[77.5431,17.728],[77.5313,17.7297],[77.5091,17.7171],[77.4979,17.7186],[77.4881,17.7062],[77.4752,17.7066],[77.4539,17.6938],[77.4486,17.651],[77.4568,17.6334],[77.4501,17.6099],[77.4441,17.6067],[77.4435,17.5841],[77.3907,17.5879],[77.3789,17.5834],[77.3785,17.5964],[77.3611,17.6013],[77.3503,17.6013],[77.3412,17.5899],[77.3087,17.5957],[77.3011,17.5977],[77.2773,17.6269],[77.2307,17.6322],[77.2077,17.6256],[77.2012,17.6307],[77.1908,17.6156],[77.1734,17.6265],[77.1515,17.6315],[77.145,17.6526],[77.1329,17.6621],[77.1349,17.6801],[77.1166,17.6848],[77.1032,17.6674],[77.0927,17.6679],[77.0888,17.6598],[77.0552,17.6702],[77.0383,17.668],[77.0346,17.6782],[77.0215,17.6754],[76.9952,17.6954],[76.9812,17.6877],[76.9785,17.6785],[76.9785,17.666],[76.9874,17.6611],[76.9862,17.6562],[76.9601,17.6365],[76.9583,17.6216],[76.9518,17.6235],[76.9399,17.6078],[76.9228,17.6108],[76.9201,17.6171],[76.9289,17.6348],[76.9016,17.6462],[76.7961,17.651],[76.7887,17.6481],[76.7835,17.6358],[76.7755,17.6382],[76.7713,17.6468],[76.7699,17.6661],[76.7455,17.6679],[76.7343,17.6661],[76.7216,17.6538],[76.7174,17.6396],[76.6988,17.6457],[76.7108,17.6609],[76.6963,17.6657],[76.6922,17.6818],[76.6925,17.7037],[76.7025,17.709],[76.7051,17.7204],[76.6998,17.7278],[76.7293,17.7388],[76.7197,17.7496],[76.7227,17.7693],[76.7145,17.7731],[76.7174,17.7836],[76.7263,17.7868],[76.7412,17.7809],[76.7507,17.7881],[76.7646,17.7888],[76.7682,17.7984],[76.7781,17.8011],[76.79,17.8282],[76.7675,17.8525],[76.7392,17.8587],[76.7424,17.8996],[76.7677,17.9],[76.7764,17.8786],[76.8047,17.87],[76.8101,17.8848],[76.835,17.8844],[76.8337,17.8923],[76.8558,17.8995],[76.8833,17.8948],[76.9024,17.9164],[76.9186,17.9168],[76.9199,18.0348],[76.9569,18.0413],[76.9508,18.0473],[76.9549,18.065],[76.9492,18.0753],[76.9519,18.0839],[76.9666,18.0898],[76.9705,18.0986],[76.9556,18.1116],[76.9247,18.1176],[76.9339,18.138],[76.9275,18.1463],[76.9355,18.1593],[76.9459,18.1562],[76.9563,18.1863],[76.9901,18.1899],[77.0001,18.1683],[77.0264,18.1642],[77.0241,18.1797],[77.0352,18.1853],[77.0519,18.1747],[77.0527,18.1628],[77.0601,18.1539],[77.0887,18.1519],[77.0992,18.1597],[77.1115,18.1543],[77.1189,18.1692],[77.0981,18.1966],[77.1236,18.2082],[77.1421,18.2088],[77.1448,18.2176],[77.1526,18.2181],[77.1504,18.2392],[77.1599,18.2546],[77.1684,18.2574],[77.1732,18.2824],[77.1944,18.2758],[77.209,18.2795],[77.1982,18.3142],[77.2029,18.3206],[77.2127,18.3152],[77.2301,18.3464],[77.2242,18.3487],[77.2336,18.367],[77.2479,18.372],[77.2357,18.3875],[77.243,18.41],[77.2612,18.4118],[77.3052,18.4399],[77.3162,18.4408],[77.3204,18.4552],[77.3286,18.4565],[77.3403,18.4369]]],[[[77.3009,18.4767],[77.2939,18.4582],[77.2751,18.4499],[77.2683,18.453],[77.2749,18.4749],[77.3009,18.4767]]]]}},{"type":"Feature","properties":{"name":"Chamarajanagara","districts":["Chamarajanagara"]},"geometry":{"type":"MultiPolygon","coordinates":[[[[77.3228,12.3071],[77.347,12.2788],[77.3641,12.2824],[77.3989,12.2783],[77.4303,12.2867],[77.4489,12.2504],[77.4769,12.2429],[77.4838,12.2338],[77.4758,12.2112],[77.4927,12.1991],[77.5216,12.193],[77.5489,12.2035],[77.5663,12.1962],[77.6147,12.2044],[77.6396,12.1956],[77.6662,12.1971],[77.7304,12.181],[77.7501,12.1574],[77.7513,12.1388],[77.7796,12.1152],[77.7573,12.0789],[77.7268,12.058],[77.7006,12.0195],[77.6749,11.9625],[77.6759,11.9492],[77.658,11.9482],[77.6546,11.9536],[77.6024,11.9357],[77.5968,11.9388],[77.5843,11.9333],[77.5589,11.94],[77.5345,11.9307],[77.4951,11.9415],[77.4878,11.8852],[77.4813,11.8927],[77.4636,11.8976],[77.4618,11.8534],[77.4672,11.8482],[77.4518,11.8004],[77.4302,11.7598],[77.4244,11.7602],[77.4234,11.7713],[77.3927,11.7851],[77.3702,11.7877],[77.3564,11.773],[77.3368,11.7678],[77.2953,11.8071],[77.2888,11.7985],[77.2521,11.8111],[77.2474,11.7968],[77.2374,11.7924],[77.1999,11.7914],[77.1761,11.7827],[77.1473,11.7804],[77.1375,11.7694],[77.1128,11.7715],[77.1194,11.7212],[77.1063,11.7315],[77.0816,11.7333],[77.0838,11.7379],[77.0599,11.766],[77.0717,11.7803],[77.0664,11.7854],[77.051,11.7858],[77.0373,11.7699],[77.0321,11.7729],[77.0414,11.7922],[77.0324,11.8032],[77.0185,11.8051],[77.014,11.8112],[76.9823,11.8092],[76.9844,11.7991],[76.9691,11.7733],[76.9539,11.7894],[76.9452,11.7848],[76.909,11.7912],[76.8973,11.7738],[76.8902,11.7325],[76.8629,11.7067],[76.8651,11.7022],[76.8378,11.652],[76.8391,11.6372],[76.8483,11.6313],[76.8477,11.6237],[76.8604,11.6098],[76.8468,11.5824],[76.843,11.5949],[76.8259,11.6051],[76.7554,11.6182],[76.7446,11.6129],[76.6166,11.6078],[76.5686,11.6174],[76.5621,11.6202],[76.5487,11.6778],[76.5123,11.7052],[76.4934,11.6895],[76.4818,11.6913],[76.4817,11.6852],[76.4594,11.6622],[76.4181,11.6716],[76.41,11.6901],[76.4107,11.7064],[76.4041,11.708],[76.4257,11.7206],[76.425,11.7329],[76.4197,11.7413],[76.4133,11.7403],[76.4185,11.7534],[76.4153,11.7603],[76.4234,11.7744],[76.4159,11.7773],[76.4152,11.7873],[76.4289,11.7917],[76.4109,11.8098],[76.462,11.7903],[76.47,11.8168],[76.4922,11.8208],[76.491,11.8584],[76.5341,11.8707],[76.5554,11.8559],[76.5578,11.8898],[76.5765,11.9211],[76.5722,11.9353],[76.5602,11.9455],[76.5736,11.9635],[76.5784,11.9845],[76.5987,11.9833],[76.6125,11.9892],[76.6439,11.9823],[76.6578,12.0089],[76.6717,12.007],[76.6835,11.997],[76.6997,11.997],[76.707,11.982],[76.7166,11.9819],[76.7301,11.9897],[76.7449,12.0108],[76.7466,12.0011],[76.7672,11.9961],[76.7821,11.9817],[76.7897,11.9831],[76.7998,11.9876],[76.799,12.0024],[76.7929,12.0091],[76.8137,12.0292],[76.8214,12.0272],[76.8241,12.0104],[76.8444,11.9967],[76.8608,11.9965],[76.8653,12.007],[76.8745,12.0057],[76.8849,12.0145],[76.8891,11.9969],[76.905,11.9958],[76.9387,12.0154],[76.9395,12.0267],[76.919,12.0268],[76.9117,12.0398],[76.8928,12.0476],[76.8925,12.0584],[76.8574,12.0602],[76.872,12.0648],[76.8836,12.0841],[76.8749,12.1157],[76.8471,12.1145],[76.833,12.1307],[76.8432,12.156],[76.8539,12.1592],[76.8479,12.1659],[76.8541,12.1687],[76.8576,12.1847],[76.8696,12.1688],[76.8701,12.1483],[76.878,12.1335],[76.8934,12.1199],[76.9045,12.1215],[76.9061,12.1132],[76.9237,12.1136],[76.9473,12.0981],[76.9729,12.1154],[76.9688,12.1223],[76.9754,12.1211],[76.9771,12.1336],[76.9891,12.1438],[76.9939,12.1756],[76.9981,12.1762],[77.005,12.1603],[77.0142,12.164],[77.0146,12.1395],[77.02,12.1352],[77.0359,12.1404],[77.0424,12.129],[77.0462,12.1394],[77.0404,12.1477],[77.0463,12.1689],[77.0664,12.1731],[77.0824,12.1885],[77.1089,12.1896],[77.1319,12.2049],[77.1349,12.2274],[77.1256,12.2392],[77.1131,12.2423],[77.17,12.2595],[77.1661,12.3091],[77.2257,12.3045],[77.2721,12.3126],[77.3031,12.2981],[77.3228,12.3071]]]]}},{"type":"Feature","properties":{"name":"Chikkaballapura","districts":["Chikkaballapura"]},"geometry":{"type":"MultiPolygon","coordinates":[[[[78.1996,13.5662],[78.1995,13.5227],[78.1916,13.5088],[78.2081,13.4815],[78.2045,13.4519],[78.1846,13.43],[78.1288,13.3998],[78.1371,13.3763],[78.1473,13.3646],[78.1217,13.3269],[78.1219,13.3151],[78.1301,13.3014],[78.0698,13.3026],[78.0479,13.2885],[78.0238,13.2882],[78.0136,13.2979],[77.9894,13.3074],[77.9456,13.2773],[77.9257,13.2383],[77.916,13.2375],[77.9121,13.2286],[77.8925,13.2331],[77.9047,13.2412],[77.9067,13.2489],[77.8921,13.255],[77.8807,13.2489],[77.877,13.2322],[77.864,13.2389],[77.8561,13.2179],[77.85,13.2203],[77.8516,13.2401],[77.8225,13.2499],[77.8138,13.2386],[77.8103,13.2406],[77.8214,13.2536],[77.822,13.2578],[77.8112,13.2613],[77.8191,13.2944],[77.8311,13.2907],[77.8286,13.3032],[77.8135,13.3089],[77.82,13.3103],[77.8284,13.3258],[77.81,13.338],[77.8007,13.3384],[77.7925,13.351],[77.7545,13.3613],[77.7462,13.3541],[77.7382,13.3597],[77.7322,13.3586],[77.7312,13.352],[77.7199,13.3506],[77.7159,13.3649],[77.7032,13.3587],[77.7065,13.3443],[77.6998,13.3351],[77.6864,13.3513],[77.6812,13.3449],[77.66,13.3552],[77.6633,13.3785],[77.6556,13.3857],[77.6593,13.3969],[77.6409,13.3925],[77.6346,13.3747],[77.6234,13.3752],[77.6157,13.3852],[77.6186,13.4012],[77.6085,13.4038],[77.6027,13.3966],[77.6013,13.4143],[77.6136,13.4153],[77.6152,13.4205],[77.6039,13.4408],[77.5929,13.435],[77.5921,13.4208],[77.5556,13.4173],[77.5502,13.4346],[77.523,13.4332],[77.5058,13.4564],[77.4871,13.4664],[77.4375,13.4639],[77.4268,13.4722],[77.4259,13.4851],[77.4154,13.4947],[77.387,13.5],[77.3836,13.5118],[77.3913,13.5198],[77.3932,13.5321],[77.3845,13.5441],[77.3823,13.5759],[77.3763,13.5882],[77.365,13.5928],[77.3626,13.6128],[77.3839,13.6605],[77.4023,13.6725],[77.4357,13.6728],[77.4402,13.6817],[77.4906,13.6873],[77.4873,13.7108],[77.495,13.7144],[77.5104,13.712],[77.52,13.6933],[77.5293,13.6956],[77.5352,13.7267],[77.5228,13.7446],[77.5273,13.7515],[77.5472,13.7514],[77.5559,13.7281],[77.5639,13.7242],[77.5744,13.7371],[77.5814,13.7344],[77.6034,13.7513],[77.6121,13.7503],[77.6292,13.7352],[77.6447,13.7431],[77.6417,13.7491],[77.6205,13.7547],[77.6222,13.7681],[77.657,13.7837],[77.6782,13.7854],[77.6717,13.7601],[77.7036,13.7693],[77.7103,13.739],[77.7169,13.7407],[77.7216,13.7541],[77.7209,13.7984],[77.7365,13.8097],[77.7867,13.8209],[77.7842,13.8439],[77.811,13.8487],[77.819,13.8601],[77.836,13.8687],[77.8274,13.8741],[77.8355,13.8796],[77.8332,13.8879],[77.8192,13.9027],[77.8145,13.9166],[77.8166,13.9305],[77.8264,13.9428],[77.8383,13.9351],[77.8953,13.9393],[77.898,13.9195],[77.92,13.9054],[77.9282,13.9069],[77.9473,13.9328],[77.9592,13.9361],[77.9637,13.9501],[77.9749,13.9588],[77.9871,13.9559],[77.9819,13.9281],[77.9866,13.9017],[77.951,13.8885],[77.9566,13.8377],[77.9532,13.8283],[77.9744,13.8285],[77.9938,13.87],[78.0466,13.8613],[78.0517,13.8722],[78.0498,13.8952],[78.0797,13.8805],[78.0837,13.8635],[78.1149,13.8621],[78.1262,13.8304],[78.1167,13.8123],[78.1273,13.7856],[78.094,13.7422],[78.1185,13.719],[78.1145,13.6932],[78.0943,13.6894],[78.0731,13.6969],[78.0732,13.6833],[78.0674,13.6757],[78.0892,13.6592],[78.0899,13.6441],[78.0955,13.6423],[78.1166,13.6559],[78.1651,13.6576],[78.1699,13.6324],[78.2034,13.6252],[78.2032,13.604],[78.189,13.588],[78.1911,13.5682],[78.1996,13.5662]]]]}},{"type":"Feature","properties":{"name":"Chikkamagaluru","districts":["Chikkamagaluru"]},"geometry":{"type":"MultiPolygon","coordinates":[[[[76.3541,13.5777],[76.3641,13.5461],[76.3627,13.53],[76.3489,13.525],[76.3496,13.5157],[76.3399,13.5128],[76.3332,13.5175],[76.3185,13.5378],[76.2993,13.5209],[76.2937,13.5258],[76.2911,13.504],[76.2633,13.5036],[76.261,13.5098],[76.2373,13.5071],[76.2397,13.4944],[76.2314,13.4869],[76.2352,13.4774],[76.231,13.4672],[76.1999,13.4675],[76.2011,13.4498],[76.1894,13.4518],[76.1948,13.4683],[76.1623,13.4698],[76.1387,13.4414],[76.1408,13.4073],[76.13,13.3999],[76.0908,13.3926],[76.0893,13.3716],[76.0557,13.3795],[76.0406,13.3715],[76.0304,13.3446],[76.0353,13.3356],[76.0279,13.3292],[76.0276,13.3202],[76.0443,13.3208],[76.0384,13.3194],[76.0412,13.2783],[76.0453,13.2765],[76.039,13.2465],[76.0178,13.2505],[76.0146,13.2594],[75.9914,13.2567],[75.9842,13.2614],[75.9358,13.255],[75.8962,13.264],[75.8781,13.2592],[75.8638,13.2402],[75.8575,13.2573],[75.8356,13.2504],[75.819,13.2565],[75.8094,13.2533],[75.8124,13.2302],[75.8065,13.215],[75.7802,13.2087],[75.7755,13.2142],[75.7591,13.2147],[75.7435,13.206],[75.7304,13.1812],[75.7364,13.1525],[75.7521,13.1457],[75.7533,13.1391],[75.7495,13.1306],[75.7354,13.1226],[75.7369,13.1119],[75.7278,13.097],[75.743,13.0693],[75.7403,13.0308],[75.7275,13.0237],[75.7112,13.0358],[75.6978,13.0348],[75.6929,13.0445],[75.6852,13.0342],[75.6641,13.0309],[75.6599,13.0254],[75.646,13.0319],[75.6388,13.0125],[75.6291,13.0081],[75.609,12.9805],[75.5982,12.944],[75.5774,12.939],[75.557,12.9149],[75.555,12.9448],[75.516,12.979],[75.5313,13.0004],[75.5317,13.0172],[75.5208,13.0288],[75.5257,13.0483],[75.5034,13.0784],[75.4874,13.0923],[75.4801,13.0778],[75.4725,13.0773],[75.4693,13.0967],[75.4538,13.1087],[75.442,13.1052],[75.4415,13.1145],[75.4339,13.1201],[75.4246,13.1069],[75.4086,13.1103],[75.4058,13.157],[75.3771,13.1814],[75.3436,13.1813],[75.3293,13.1703],[75.3245,13.1476],[75.3142,13.134],[75.2981,13.1321],[75.2955,13.1259],[75.2862,13.1348],[75.2704,13.1272],[75.2539,13.1287],[75.2365,13.1385],[75.2107,13.1579],[75.2099,13.1736],[75.2019,13.1814],[75.1998,13.1785],[75.1761,13.2018],[75.1687,13.1999],[75.1667,13.2291],[75.1515,13.269],[75.1385,13.2899],[75.1151,13.2846],[75.0801,13.3445],[75.089,13.3508],[75.0913,13.3622],[75.1127,13.3581],[75.1271,13.3692],[75.1282,13.3876],[75.1322,13.3921],[75.1416,13.3887],[75.147,13.3977],[75.1404,13.4079],[75.1508,13.4211],[75.1547,13.449],[75.1411,13.4614],[75.1375,13.4746],[75.1703,13.5064],[75.1767,13.5016],[75.1861,13.5101],[75.2028,13.5126],[75.2104,13.5206],[75.2053,13.522],[75.2074,13.5263],[75.224,13.5278],[75.2247,13.5523],[75.2172,13.5613],[75.2259,13.5704],[75.2116,13.5856],[75.2198,13.6024],[75.2348,13.6008],[75.2438,13.6055],[75.2771,13.5642],[75.296,13.5847],[75.3211,13.5923],[75.3265,13.5934],[75.3298,13.5849],[75.3418,13.5874],[75.3443,13.582],[75.3562,13.5961],[75.3697,13.5997],[75.366,13.6226],[75.3739,13.6275],[75.3794,13.6167],[75.3892,13.6142],[75.3889,13.6236],[75.3979,13.6297],[75.4075,13.6262],[75.4151,13.654],[75.3945,13.7004],[75.3839,13.7044],[75.3839,13.7113],[75.4032,13.7035],[75.4562,13.7246],[75.4623,13.7429],[75.489,13.7602],[75.4918,13.7682],[75.5001,13.7599],[75.5062,13.7655],[75.5107,13.7549],[75.5412,13.7295],[75.5644,13.7415],[75.5778,13.7587],[75.6094,13.7608],[75.6104,13.7464],[75.6278,13.7335],[75.6191,13.7218],[75.6219,13.7095],[75.6355,13.7015],[75.652,13.7182],[75.6749,13.7219],[75.6755,13.7283],[75.6569,13.7479],[75.6706,13.7635],[75.6782,13.751],[75.6864,13.7494],[75.6887,13.7666],[75.7333,13.7692],[75.7498,13.7799],[75.7627,13.7805],[75.766,13.7847],[75.7607,13.7933],[75.7658,13.7949],[75.7781,13.789],[75.7917,13.796],[75.807,13.7943],[75.825,13.8174],[75.896,13.8058],[75.9409,13.8115],[75.9506,13.815],[75.9504,13.8329],[75.9715,13.855],[75.9806,13.847],[75.9898,13.8474],[76.0093,13.8671],[76.0173,13.8707],[76.0213,13.8622],[76.0311,13.8694],[76.0342,13.8959],[76.0505,13.8996],[76.0573,13.8808],[76.0805,13.8786],[76.0987,13.8635],[76.1162,13.8116],[76.1308,13.8125],[76.1515,13.7296],[76.1701,13.726],[76.174,13.714],[76.2207,13.7115],[76.2227,13.6787],[76.2364,13.6779],[76.2662,13.6477],[76.2869,13.646],[76.2762,13.6024],[76.2797,13.6052],[76.2955,13.5948],[76.2932,13.5902],[76.304,13.5879],[76.3345,13.5942],[76.3416,13.5756],[76.3541,13.5777]]]]}},{"type":"Feature","properties":{"name":"Chitradurga","districts":["Chitradurga"]},"geometry":{"type":"MultiPolygon","coordinates":[[[[76.7608,14.988],[76.7676,14.9749],[76.8195,14.9689],[76.832,14.9562],[76.8453,14.9663],[76.8686,14.9692],[76.8697,14.9428],[76.8645,14.8965],[76.848,14.8917],[76.8584,14.8667],[76.8537,14.844],[76.8443,14.8354],[76.853,14.8094],[76.8415,14.8095],[76.838,14.7903],[76.7845,14.7845],[76.8023,14.7399],[76.7755,14.6792],[76.7652,14.6017],[76.777,14.5927],[76.7806,14.5958],[76.7906,14.5586],[76.8042,14.5333],[76.8243,14.5259],[76.8321,14.5287],[76.8589,14.5046],[76.875,14.4742],[76.9114,14.4899],[76.9785,14.4842],[76.9694,14.4577],[76.9637,14.4513],[76.9488,14.451],[76.9467,14.4055],[76.9181,14.4194],[76.9016,14.4003],[76.888,14.3961],[76.884,14.3523],[76.904,14.3252],[76.9417,14.3144],[76.9519,14.3065],[76.954,14.2928],[76.93,14.2782],[76.9431,14.2462],[76.9567,14.2403],[76.9879,14.2443],[77.0096,14.2378],[77.0022,14.2314],[77.0083,14.2194],[77.004,14.1983],[77.0219,14.1899],[77.0254,14.179],[76.9639,14.1817],[76.947,14.1955],[76.9424,14.1721],[76.9225,14.1638],[76.8967,14.1651],[76.8889,14.1371],[76.9179,14.1283],[76.9324,14.1334],[76.9484,14.1181],[76.9518,14.0915],[76.9309,14.076],[76.9272,14.0584],[76.9107,14.0609],[76.8957,14.0512],[76.8827,14.0172],[76.8758,14.012],[76.8379,14.0148],[76.8252,13.994],[76.8491,13.9782],[76.8495,13.9623],[76.8236,13.9482],[76.8225,13.9398],[76.814,13.9348],[76.8149,13.916],[76.7682,13.923],[76.7544,13.9185],[76.7551,13.9072],[76.7233,13.8947],[76.7673,13.8355],[76.7698,13.7995],[76.7639,13.7793],[76.7363,13.7833],[76.7255,13.7961],[76.7189,13.7949],[76.6985,13.7693],[76.6898,13.7432],[76.6868,13.6885],[76.6744,13.7061],[76.6748,13.718],[76.6604,13.7207],[76.6308,13.7142],[76.6272,13.7319],[76.6212,13.7335],[76.6134,13.7226],[76.5996,13.7232],[76.5734,13.7131],[76.5793,13.6877],[76.5548,13.6779],[76.5398,13.6615],[76.5299,13.6631],[76.5326,13.6522],[76.5181,13.6328],[76.4995,13.6261],[76.5011,13.6211],[76.4612,13.6167],[76.4615,13.5967],[76.4553,13.5894],[76.4351,13.5931],[76.4161,13.5776],[76.4012,13.5928],[76.3836,13.577],[76.3764,13.5913],[76.3477,13.5748],[76.3416,13.5756],[76.3345,13.5942],[76.2932,13.5902],[76.2955,13.5948],[76.2741,13.6051],[76.2869,13.646],[76.2662,13.6477],[76.2364,13.6779],[76.2227,13.6787],[76.2207,13.7115],[76.174,13.714],[76.1701,13.726],[76.1515,13.7296],[76.1308,13.8125],[76.1162,13.8116],[76.0987,13.8635],[76.0805,13.8786],[76.0573,13.8808],[76.0505,13.8996],[76.0314,13.8973],[76.0313,13.9159],[76.0465,13.9401],[76.068,13.9414],[76.0724,13.98],[76.0533,13.9758],[76.0448,13.9861],[76.0541,14.0837],[76.0492,14.0974],[76.0328,14.0918],[76.0255,14.1134],[76.0337,14.1336],[76.0468,14.1453],[76.0465,14.1536],[76.0616,14.1589],[76.0651,14.1771],[76.0578,14.1883],[76.0582,14.2011],[76.0651,14.2056],[76.0621,14.2197],[76.0725,14.226],[76.08,14.2436],[76.1176,14.2478],[76.1319,14.2548],[76.1304,14.2713],[76.1188,14.2862],[76.1108,14.3154],[76.1205,14.3219],[76.1569,14.3196],[76.156,14.3621],[76.1507,14.3708],[76.1568,14.3838],[76.1519,14.4061],[76.1379,14.4257],[76.172,14.4453],[76.1755,14.457],[76.1852,14.4582],[76.2049,14.4566],[76.2183,14.4421],[76.2394,14.4473],[76.2616,14.4417],[76.2675,14.421],[76.2786,14.4057],[76.3331,14.4067],[76.3497,14.4181],[76.3839,14.4204],[76.4017,14.4347],[76.4251,14.4387],[76.4277,14.4478],[76.4602,14.451],[76.4601,14.5013],[76.4852,14.504],[76.5334,14.5354],[76.526,14.5507],[76.5164,14.5492],[76.5083,14.5638],[76.5376,14.5657],[76.571,14.5933],[76.5857,14.6152],[76.6034,14.6242],[76.5985,14.6326],[76.6131,14.6493],[76.5994,14.6573],[76.5994,14.666],[76.6121,14.6703],[76.6119,14.6867],[76.6492,14.7183],[76.6505,14.7567],[76.6666,14.7741],[76.6716,14.7929],[76.7023,14.8158],[76.7352,14.8115],[76.7414,14.8172],[76.7426,14.8231],[76.7146,14.8396],[76.7144,14.8622],[76.6982,14.8889],[76.6826,14.8882],[76.6781,14.9112],[76.6656,14.9158],[76.6616,14.9417],[76.706,14.9303],[76.7075,14.9415],[76.7154,14.9428],[76.7187,14.9638],[76.7179,14.9725],[76.689,14.9801],[76.6731,15.0189],[76.6893,15.027],[76.6862,15.0186],[76.7028,15.0167],[76.7034,15.0311],[76.734,15.033],[76.7373,15.0241],[76.7285,15.0041],[76.7363,14.987],[76.7608,14.988]]]]}},{"type":"Feature","properties":{"name":"Dakshina Kannada","districts":["Dakshina Kannada"]},"geometry":{"type":"MultiPolygon","coordinates":[[[[75.2019,13.1814],[75.2099,13.1736],[75.2107,13.1579],[75.2365,13.1385],[75.2539,13.1287],[75.2704,13.1272],[75.2862,13.1348],[75.2955,13.1259],[75.2981,13.1321],[75.3142,13.134],[75.3245,13.1476],[75.3293,13.1703],[75.3436,13.1813],[75.3771,13.1814],[75.4058,13.157],[75.4086,13.1103],[75.4246,13.1069],[75.4339,13.1201],[75.4415,13.1145],[75.442,13.1052],[75.4538,13.1087],[75.4693,13.0967],[75.4725,13.0773],[75.4801,13.0778],[75.4874,13.0923],[75.5229,13.0531],[75.5251,13.038],[75.5208,13.0288],[75.5297,13.0216],[75.5322,13.0063],[75.516,12.979],[75.555,12.9448],[75.563,12.8677],[75.6033,12.8762],[75.6047,12.8668],[75.6232,12.8572],[75.6145,12.7982],[75.6228,12.7955],[75.6241,12.7811],[75.641,12.7699],[75.6372,12.762],[75.6597,12.7505],[75.6511,12.7202],[75.6275,12.7074],[75.6336,12.6919],[75.6728,12.7005],[75.6488,12.6665],[75.6429,12.6296],[75.6542,12.6215],[75.6727,12.5549],[75.6675,12.547],[75.6448,12.538],[75.6179,12.5104],[75.6056,12.5121],[75.5927,12.5371],[75.5589,12.5038],[75.5676,12.4927],[75.5662,12.4867],[75.529,12.4976],[75.5244,12.4893],[75.4964,12.4823],[75.4916,12.4601],[75.4652,12.4719],[75.4633,12.4852],[75.4722,12.4978],[75.4361,12.5281],[75.4337,12.5168],[75.4221,12.5135],[75.4167,12.5017],[75.4064,12.4945],[75.3994,12.5027],[75.3851,12.4976],[75.372,12.4884],[75.3741,12.4737],[75.3576,12.4629],[75.3428,12.4609],[75.3386,12.4626],[75.3424,12.4695],[75.3367,12.4951],[75.3066,12.5015],[75.3063,12.5221],[75.2827,12.5229],[75.2723,12.5583],[75.2783,12.5688],[75.2882,12.5697],[75.2929,12.5796],[75.3178,12.5734],[75.3301,12.5819],[75.3295,12.59],[75.3098,12.5926],[75.303,12.6038],[75.2926,12.6014],[75.2903,12.6093],[75.2781,12.6164],[75.2691,12.6104],[75.2508,12.5796],[75.2399,12.5772],[75.2375,12.5665],[75.2241,12.5673],[75.2119,12.5886],[75.2045,12.5852],[75.2106,12.6019],[75.1997,12.6108],[75.2024,12.6297],[75.1835,12.632],[75.1709,12.6211],[75.16,12.6216],[75.1436,12.6378],[75.1419,12.6423],[75.151,12.6464],[75.162,12.6686],[75.1514,12.6734],[75.1513,12.6809],[75.1325,12.6753],[75.1131,12.6804],[75.1048,12.696],[75.0864,12.7022],[75.0834,12.6708],[75.0706,12.6624],[75.048,12.6645],[75.0448,12.6918],[75.057,12.6911],[75.0498,12.7191],[75.0382,12.723],[75.007,12.7135],[75.003,12.718],[75.0121,12.7272],[74.9929,12.7374],[74.9845,12.7342],[74.9858,12.7428],[74.9916,12.7425],[75.0085,12.7647],[75.0051,12.7898],[75.0001,12.7878],[74.992,12.7947],[74.9885,12.7935],[74.9923,12.7879],[74.9816,12.7795],[74.9703,12.7768],[74.9538,12.7835],[74.8849,12.7529],[74.8751,12.7594],[74.863,12.7583],[74.8284,12.8313],[74.8071,12.8947],[74.7816,13.0543],[74.7707,13.0776],[74.773,13.0815],[74.7819,13.0581],[74.7793,13.0914],[74.7971,13.1005],[74.7949,13.1161],[74.8113,13.1141],[74.8268,13.1284],[74.8628,13.1261],[74.8737,13.0972],[74.8903,13.0955],[74.8914,13.0629],[74.8838,13.0479],[74.8961,13.0304],[74.9094,13.0248],[74.9051,13.0398],[74.9323,13.0345],[74.9353,13.0149],[74.9281,13.0088],[74.9408,13.0046],[74.9469,13.0159],[74.9564,13.0182],[74.9647,13.0135],[74.9777,13.0271],[74.9989,13.0155],[74.9963,13.0039],[74.9869,13.0013],[74.9896,12.9891],[75.014,12.9841],[75.018,12.994],[75.0297,12.9975],[75.0303,13.016],[75.0474,13.0205],[75.0681,13.0458],[75.0769,13.0453],[75.0832,13.0678],[75.1179,13.1089],[75.1272,13.1324],[75.1388,13.1343],[75.1478,13.127],[75.1586,13.1358],[75.162,13.1333],[75.2019,13.1814]]],[[[74.688,13.6528],[74.679,13.6539],[74.6777,13.6668],[74.6904,13.6608],[74.688,13.6528]]]]}},{"type":"Feature","properties":{"name":"Davanagere","districts":["Davanagere"]},"geometry":{"type":"MultiPolygon","coordinates":[[[[76.5083,14.5638],[76.5164,14.5492],[76.526,14.5507],[76.5334,14.5354],[76.4852,14.504],[76.4601,14.5013],[76.4602,14.451],[76.4277,14.4478],[76.4251,14.4387],[76.4017,14.4347],[76.3839,14.4204],[76.3497,14.4181],[76.3331,14.4067],[76.2786,14.4057],[76.2675,14.421],[76.2616,14.4417],[76.2394,14.4473],[76.2183,14.4421],[76.2049,14.4566],[76.1852,14.4582],[76.1755,14.457],[76.172,14.4453],[76.1379,14.4257],[76.1519,14.4061],[76.1568,14.3838],[76.1507,14.3708],[76.156,14.3621],[76.1569,14.3196],[76.1205,14.3219],[76.1108,14.3154],[76.1188,14.2862],[76.1304,14.2713],[76.1319,14.2548],[76.1176,14.2478],[76.08,14.2436],[76.0725,14.226],[76.0621,14.2197],[76.0651,14.2056],[76.0582,14.2011],[76.0578,14.1883],[76.0651,14.1771],[76.0616,14.1589],[76.0465,14.1536],[76.0468,14.1453],[76.0337,14.1336],[76.0255,14.1134],[76.0328,14.0918],[76.0472,14.0978],[76.0526,14.0907],[76.0554,14.0722],[76.0482,14.0522],[76.0496,14.0181],[76.0442,13.9905],[76.0533,13.9758],[76.0724,13.98],[76.0694,13.946],[76.068,13.9414],[76.0465,13.9401],[76.0313,13.9159],[76.0311,13.8694],[76.0213,13.8622],[76.0173,13.8707],[76.0093,13.8671],[75.9898,13.8474],[75.9806,13.847],[75.9715,13.855],[75.9504,13.8329],[75.9506,13.815],[75.9208,13.8067],[75.8799,13.8103],[75.8618,13.8715],[75.8549,13.8726],[75.8613,13.8926],[75.8578,13.9139],[75.8271,13.9721],[75.8231,14.0169],[75.8001,14.0255],[75.7981,14.0317],[75.8218,14.0633],[75.8108,14.1016],[75.8048,14.096],[75.7575,14.1079],[75.7564,14.1],[75.7397,14.101],[75.7365,14.0862],[75.722,14.0812],[75.7229,14.0745],[75.6674,14.0656],[75.6359,14.0786],[75.6319,14.0735],[75.618,14.0758],[75.6124,14.0592],[75.6066,14.0567],[75.5948,14.062],[75.5862,14.0571],[75.5162,14.0963],[75.4958,14.0973],[75.4936,14.1025],[75.4516,14.0949],[75.4002,14.1144],[75.4012,14.1242],[75.4436,14.1617],[75.4609,14.1733],[75.4854,14.174],[75.4532,14.2037],[75.4788,14.2146],[75.508,14.2166],[75.5165,14.2032],[75.5265,14.2021],[75.5299,14.2769],[75.5795,14.2765],[75.5881,14.2884],[75.6027,14.2931],[75.6096,14.3142],[75.6328,14.3136],[75.6336,14.3214],[75.6216,14.3429],[75.6407,14.4187],[75.6416,14.4305],[75.6355,14.4317],[75.6301,14.4427],[75.6361,14.464],[75.6545,14.4621],[75.6605,14.4578],[75.6601,14.4504],[75.688,14.4897],[75.7003,14.4887],[75.7083,14.4732],[75.7152,14.472],[75.7546,14.5136],[75.773,14.5177],[75.7984,14.5103],[75.8002,14.5397],[75.8202,14.5665],[75.8053,14.5992],[75.8123,14.6512],[75.8001,14.6653],[75.7995,14.6803],[75.7714,14.6741],[75.7503,14.6795],[75.7393,14.6901],[75.7437,14.7035],[75.7644,14.7232],[75.763,14.7348],[75.7571,14.7383],[75.7585,14.7631],[75.761,14.7774],[75.772,14.7847],[75.7728,14.7927],[75.8007,14.7692],[75.8235,14.7775],[75.8361,14.7981],[75.8325,14.8174],[75.8189,14.8363],[75.8136,14.835],[75.8073,14.8426],[75.8115,14.8462],[75.8038,14.8741],[75.8205,14.9001],[75.828,14.8978],[75.8334,14.8828],[75.8433,14.8898],[75.8574,14.8821],[75.8555,14.8637],[75.8708,14.8543],[75.8746,14.8686],[75.8874,14.8695],[75.9006,14.8825],[75.9371,14.893],[75.942,14.9],[75.9719,14.9072],[75.9782,14.8986],[75.9866,14.9068],[75.9974,14.8981],[76.007,14.9052],[76.0128,14.8988],[76.0314,14.9192],[76.0489,14.9286],[76.0524,14.9181],[76.0706,14.9087],[76.0818,14.91],[76.0805,14.8997],[76.0675,14.8833],[76.0746,14.8683],[76.1277,14.8696],[76.132,14.8612],[76.1567,14.8603],[76.158,14.8479],[76.1907,14.8469],[76.1964,14.8198],[76.1593,14.83],[76.1492,14.8215],[76.146,14.8032],[76.1541,14.7855],[76.1702,14.785],[76.182,14.7663],[76.1947,14.766],[76.2044,14.74],[76.2005,14.7286],[76.1883,14.7189],[76.187,14.7007],[76.193,14.6973],[76.1952,14.6814],[76.2052,14.6779],[76.2315,14.6488],[76.2537,14.6976],[76.2725,14.6959],[76.2781,14.6868],[76.3237,14.6923],[76.3389,14.686],[76.3447,14.6664],[76.3814,14.6611],[76.3757,14.6495],[76.3916,14.6491],[76.3945,14.6278],[76.4326,14.619],[76.4251,14.5813],[76.5083,14.5638]]]]}},{"type":"Feature","properties":{"name":"Dharwad","districts":["Dharwad"]},"geometry":{"type":"MultiPolygon","coordinates":[[[[75.4195,15.0617],[75.4171,15.0562],[75.4034,15.058],[75.3688,15.0473],[75.3577,15.0622],[75.34,15.0686],[75.3367,15.0802],[75.3309,15.0809],[75.3399,15.0924],[75.3506,15.0954],[75.3523,15.1023],[75.3401,15.1105],[75.3384,15.1595],[75.3098,15.1546],[75.3108,15.14],[75.2906,15.1366],[75.2902,15.129],[75.2637,15.1156],[75.2584,15.0964],[75.2541,15.1057],[75.2422,15.1072],[75.2283,15.1045],[75.2272,15.0991],[75.1918,15.0965],[75.1878,15.102],[75.1607,15.1018],[75.1603,15.1073],[75.1424,15.0998],[75.1382,15.1171],[75.1557,15.1451],[75.1466,15.1586],[75.1388,15.1588],[75.1326,15.1414],[75.1081,15.1383],[75.1072,15.1289],[75.1151,15.1235],[75.1148,15.1159],[75.0802,15.1097],[75.0813,15.0726],[75.0628,15.0715],[75.0562,15.0808],[75.0227,15.0688],[74.9967,15.0724],[74.9691,15.0703],[74.961,15.0649],[74.9405,15.0662],[74.9398,15.0519],[74.9275,15.0502],[74.9114,15.0377],[74.9072,15.0494],[74.8931,15.0448],[74.8865,15.0674],[74.8802,15.0724],[74.8811,15.084],[74.8919,15.0981],[74.8586,15.1036],[74.8535,15.1209],[74.8288,15.1333],[74.8501,15.1691],[74.8771,15.1932],[74.8732,15.213],[74.909,15.2507],[74.8988,15.299],[74.8898,15.3073],[74.8822,15.298],[74.8762,15.3005],[74.8774,15.3149],[74.8593,15.3294],[74.8551,15.3405],[74.8347,15.3334],[74.8263,15.3434],[74.822,15.3668],[74.8292,15.3749],[74.8212,15.3838],[74.7991,15.3768],[74.7905,15.3796],[74.7825,15.3939],[74.7654,15.3991],[74.7714,15.4093],[74.7671,15.4162],[74.7542,15.4099],[74.7426,15.4115],[74.7424,15.4195],[74.7307,15.4295],[74.7449,15.4614],[74.7342,15.4683],[74.7271,15.4892],[74.7467,15.4945],[74.7613,15.4696],[74.7657,15.4737],[74.7769,15.4596],[74.7891,15.4724],[74.7872,15.4846],[74.7958,15.4871],[74.804,15.5012],[74.8135,15.5032],[74.8117,15.5204],[74.7979,15.5459],[74.8405,15.5743],[74.8309,15.5896],[74.8307,15.6094],[74.8421,15.6068],[74.8786,15.6168],[74.8903,15.6298],[74.9139,15.6305],[74.9326,15.6224],[74.9638,15.6253],[74.9674,15.6514],[75.0203,15.6449],[75.0288,15.6526],[75.0302,15.6687],[75.0474,15.6714],[75.0498,15.6819],[75.0616,15.6808],[75.0642,15.67],[75.0569,15.6313],[75.082,15.6221],[75.0926,15.6087],[75.1008,15.6621],[75.107,15.6717],[75.1426,15.6595],[75.1709,15.6614],[75.1858,15.6573],[75.1877,15.6493],[75.2031,15.6499],[75.2026,15.6817],[75.2373,15.6794],[75.2507,15.6464],[75.2732,15.6505],[75.2788,15.689],[75.2958,15.6913],[75.3126,15.6793],[75.337,15.6743],[75.3369,15.6481],[75.3609,15.646],[75.3646,15.6689],[75.4137,15.6557],[75.4257,15.663],[75.4266,15.6708],[75.4423,15.6717],[75.4464,15.6804],[75.4745,15.688],[75.4705,15.7016],[75.4894,15.7022],[75.504,15.6483],[75.5564,15.6475],[75.5507,15.616],[75.5351,15.5903],[75.5296,15.5623],[75.5319,15.5385],[75.5071,15.5304],[75.4858,15.5308],[75.4765,15.5207],[75.4729,15.4931],[75.4886,15.4884],[75.495,15.4708],[75.4985,15.4254],[75.493,15.3722],[75.4824,15.3786],[75.4816,15.3929],[75.4718,15.3967],[75.4696,15.3862],[75.4459,15.3853],[75.4498,15.359],[75.4557,15.3585],[75.4587,15.3487],[75.4502,15.329],[75.4513,15.3017],[75.415,15.3006],[75.4093,15.278],[75.4197,15.2757],[75.4045,15.2725],[75.4044,15.2609],[75.4183,15.2609],[75.4181,15.2397],[75.4256,15.2248],[75.4418,15.2263],[75.4491,15.2155],[75.4489,15.208],[75.4358,15.2081],[75.4345,15.1984],[75.4017,15.1985],[75.3979,15.1653],[75.4072,15.1705],[75.4062,15.1655],[75.4147,15.1629],[75.4182,15.142],[75.4317,15.1239],[75.4354,15.1059],[75.4242,15.0984],[75.4238,15.087],[75.4186,15.0863],[75.4195,15.0617]]]]}},{"type":"Feature","properties":{"name":"Gadag","districts":["Gadag"]},"geometry":{"type":"MultiPolygon","coordinates":[[[[75.8457,15.8377],[75.8762,15.8266],[75.94,15.7888],[75.9635,15.7842],[75.9648,15.7946],[75.9896,15.8022],[75.9961,15.7805],[76.0107,15.7828],[76.0419,15.764],[76.0364,15.7556],[76.0419,15.7526],[76.0391,15.7381],[76.0446,15.7381],[76.0424,15.7195],[76.0252,15.7102],[76.0072,15.7167],[75.9925,15.7083],[75.9829,15.6908],[75.989,15.6888],[75.983,15.6667],[75.9956,15.679],[76.0132,15.6815],[76.0181,15.6772],[76.0117,15.6636],[75.9729,15.6634],[75.9667,15.6782],[75.945,15.6778],[75.9409,15.6931],[75.9246,15.6942],[75.9157,15.7011],[75.9205,15.7278],[75.9119,15.7334],[75.9081,15.7455],[75.8974,15.7499],[75.8923,15.7385],[75.8853,15.737],[75.8903,15.7282],[75.888,15.7189],[75.8715,15.7154],[75.8724,15.6734],[75.8866,15.671],[75.8866,15.6346],[75.8953,15.6323],[75.8949,15.6248],[75.8991,15.6243],[75.8993,15.6069],[75.8853,15.596],[75.8681,15.5948],[75.86,15.5136],[75.8183,15.508],[75.8232,15.4954],[75.814,15.4957],[75.8148,15.4882],[75.8103,15.4872],[75.823,15.4522],[75.8408,15.4432],[75.8596,15.4445],[75.8589,15.4253],[75.8668,15.4247],[75.8658,15.4076],[75.9034,15.4024],[75.9021,15.3534],[75.8874,15.3514],[75.8919,15.3345],[75.89,15.288],[75.8993,15.2762],[75.9049,15.2373],[75.9128,15.2385],[75.9259,15.1812],[75.9488,15.1655],[75.9505,15.1371],[75.9322,15.1408],[75.9053,15.1314],[75.9001,15.1191],[75.8854,15.1068],[75.8855,15.097],[75.9107,15.0756],[75.9051,15.0553],[75.8868,15.053],[75.8747,15.0352],[75.864,15.0339],[75.8448,15.0428],[75.8324,15.0272],[75.8104,15.0235],[75.7857,14.9997],[75.7809,14.9769],[75.7614,14.9663],[75.7435,14.9442],[75.7232,14.9504],[75.702,14.948],[75.6916,14.9741],[75.6708,14.9863],[75.6346,14.9945],[75.6321,14.9835],[75.6113,14.9721],[75.6136,14.9589],[75.6004,14.9548],[75.584,14.967],[75.569,14.9706],[75.569,14.9779],[75.5442,14.9782],[75.5436,15.0091],[75.535,15.0308],[75.4989,15.0467],[75.463,15.0432],[75.4524,15.0604],[75.4195,15.0617],[75.4186,15.0863],[75.4238,15.087],[75.4242,15.0984],[75.4354,15.1059],[75.4317,15.1239],[75.4182,15.142],[75.4147,15.1629],[75.4062,15.1655],[75.4072,15.1705],[75.3979,15.1653],[75.3967,15.1715],[75.4023,15.1738],[75.4017,15.1985],[75.4345,15.1984],[75.4358,15.2081],[75.4489,15.208],[75.4418,15.2263],[75.4256,15.2248],[75.4181,15.2397],[75.4183,15.2609],[75.4044,15.2609],[75.4045,15.2725],[75.4197,15.2757],[75.4093,15.278],[75.415,15.3006],[75.4513,15.3017],[75.4502,15.329],[75.4587,15.3487],[75.4557,15.3585],[75.4498,15.359],[75.4459,15.3853],[75.4696,15.3862],[75.4718,15.3967],[75.4816,15.3929],[75.4824,15.3786],[75.493,15.3722],[75.4985,15.4254],[75.495,15.4708],[75.4886,15.4884],[75.4729,15.4931],[75.4765,15.5207],[75.4858,15.5308],[75.5071,15.5304],[75.5319,15.5385],[75.5296,15.5623],[75.5351,15.5903],[75.5507,15.616],[75.5564,15.6475],[75.504,15.6483],[75.4894,15.7022],[75.4705,15.7016],[75.4745,15.688],[75.4464,15.6804],[75.4423,15.6717],[75.4266,15.6708],[75.4257,15.663],[75.4137,15.6557],[75.3646,15.6689],[75.3609,15.646],[75.3369,15.6481],[75.337,15.6743],[75.3126,15.6793],[75.2958,15.6913],[75.2788,15.689],[75.2754,15.7393],[75.2937,15.7399],[75.2925,15.7276],[75.314,15.7312],[75.3186,15.7579],[75.3175,15.765],[75.3049,15.7668],[75.3039,15.8108],[75.3219,15.809],[75.3337,15.8151],[75.3308,15.8233],[75.3409,15.8263],[75.3423,15.8038],[75.3653,15.8047],[75.3775,15.843],[75.3935,15.8379],[75.4277,15.8424],[75.4161,15.7836],[75.4381,15.7796],[75.441,15.7941],[75.4491,15.7939],[75.4602,15.8166],[75.4555,15.8865],[75.4765,15.8725],[75.4836,15.8775],[75.4951,15.874],[75.5058,15.863],[75.5045,15.8556],[75.5213,15.8575],[75.5221,15.8521],[75.5148,15.8492],[75.5219,15.8419],[75.5294,15.8423],[75.5306,15.8352],[75.5397,15.8324],[75.557,15.8318],[75.5559,15.8247],[75.5702,15.8311],[75.5761,15.8302],[75.5762,15.825],[75.5876,15.8336],[75.6207,15.8222],[75.6206,15.8353],[75.6334,15.8317],[75.6372,15.8399],[75.6453,15.841],[75.6431,15.8322],[75.6571,15.8272],[75.6634,15.8366],[75.6763,15.8336],[75.6766,15.8235],[75.6865,15.8298],[75.6948,15.8259],[75.7113,15.8286],[75.7455,15.8135],[75.7797,15.8174],[75.7741,15.8276],[75.7783,15.8504],[75.8081,15.8503],[75.8457,15.8377]]]]}},{"type":"Feature","properties":{"name":"Hassan","districts":["Hassan"]},"geometry":{"type":"MultiPolygon","coordinates":[[[[76.6319,13.0056],[76.6323,12.9719],[76.613,12.9655],[76.6186,12.9431],[76.6054,12.9369],[76.603,12.9241],[76.5967,12.9202],[76.6014,12.9023],[76.5919,12.8907],[76.5965,12.8802],[76.5796,12.8692],[76.5769,12.8479],[76.5226,12.8412],[76.5167,12.8247],[76.5024,12.8212],[76.493,12.8079],[76.4993,12.8047],[76.4943,12.7873],[76.501,12.777],[76.4991,12.7691],[76.4912,12.7851],[76.4821,12.7812],[76.4779,12.7722],[76.4582,12.7801],[76.4705,12.8021],[76.4598,12.803],[76.446,12.8224],[76.4279,12.8252],[76.4242,12.8446],[76.4295,12.8516],[76.4099,12.8663],[76.4117,12.8458],[76.3903,12.8456],[76.3865,12.8328],[76.371,12.8263],[76.3733,12.8097],[76.3387,12.8126],[76.3316,12.8067],[76.3376,12.7879],[76.3519,12.7858],[76.3526,12.7711],[76.3456,12.7656],[76.359,12.7485],[76.3474,12.743],[76.3447,12.7321],[76.3482,12.7197],[76.3654,12.7069],[76.3627,12.6893],[76.3408,12.6458],[76.324,12.6331],[76.3313,12.6124],[76.3109,12.61],[76.3113,12.6232],[76.3041,12.622],[76.3009,12.6312],[76.2947,12.6173],[76.2835,12.6179],[76.283,12.63],[76.278,12.6307],[76.2703,12.6291],[76.2695,12.6188],[76.2658,12.6197],[76.2498,12.6256],[76.2424,12.6385],[76.2222,12.6422],[76.2096,12.6291],[76.2178,12.6239],[76.2176,12.617],[76.2079,12.6144],[76.1986,12.6002],[76.1967,12.5756],[76.1599,12.5757],[76.1528,12.5699],[76.158,12.5626],[76.1535,12.5446],[76.1376,12.5343],[76.1372,12.5271],[76.1195,12.5266],[76.1164,12.512],[76.109,12.5147],[76.1008,12.5345],[76.0892,12.5357],[76.0918,12.5436],[76.081,12.5424],[76.0688,12.5544],[76.0524,12.553],[76.0476,12.5746],[76.0257,12.5737],[76.0208,12.5665],[75.9932,12.583],[75.9919,12.5698],[75.9729,12.5737],[75.979,12.5595],[75.9667,12.5586],[75.9536,12.5908],[75.9429,12.6021],[75.9513,12.6191],[75.9496,12.6259],[75.9384,12.628],[75.9454,12.6346],[75.9396,12.6443],[75.9496,12.6645],[75.9442,12.6765],[75.9606,12.6811],[75.9679,12.7103],[75.9445,12.7164],[75.9371,12.7337],[75.9392,12.7611],[75.9426,12.7661],[75.953,12.7635],[75.9609,12.7781],[75.9733,12.782],[75.9746,12.8043],[75.953,12.8019],[75.9306,12.808],[75.924,12.8272],[75.91,12.8146],[75.8999,12.8268],[75.8794,12.8331],[75.8771,12.8227],[75.8653,12.8202],[75.865,12.7974],[75.8747,12.7698],[75.8624,12.768],[75.8617,12.7556],[75.8496,12.7485],[75.8575,12.7424],[75.853,12.7267],[75.8734,12.7091],[75.8875,12.705],[75.8875,12.6765],[75.8795,12.6713],[75.8394,12.6686],[75.812,12.7],[75.7937,12.6893],[75.778,12.6884],[75.7747,12.6791],[75.7624,12.675],[75.749,12.6793],[75.7322,12.6995],[75.723,12.6983],[75.7071,12.7083],[75.6955,12.702],[75.6336,12.6919],[75.6275,12.7074],[75.6511,12.7202],[75.6597,12.7505],[75.6372,12.762],[75.641,12.7699],[75.6241,12.7811],[75.6228,12.7955],[75.6145,12.7982],[75.6232,12.8572],[75.6047,12.8668],[75.6033,12.8762],[75.563,12.8677],[75.5559,12.9094],[75.5774,12.939],[75.5982,12.944],[75.609,12.9805],[75.6291,13.0081],[75.6388,13.0125],[75.646,13.0319],[75.6599,13.0254],[75.6641,13.0309],[75.6852,13.0342],[75.6929,13.0445],[75.6978,13.0348],[75.7112,13.0358],[75.7275,13.0237],[75.7403,13.0308],[75.743,13.0693],[75.7278,13.097],[75.7369,13.1119],[75.7354,13.1226],[75.7495,13.1306],[75.7533,13.1391],[75.7521,13.1457],[75.7364,13.1525],[75.7304,13.1812],[75.7435,13.206],[75.7591,13.2147],[75.7755,13.2142],[75.7802,13.2087],[75.8065,13.215],[75.8124,13.2302],[75.8094,13.2533],[75.819,13.2565],[75.8356,13.2504],[75.8575,13.2573],[75.8638,13.2402],[75.8781,13.2592],[75.8962,13.264],[75.9358,13.255],[75.9842,13.2614],[75.9914,13.2567],[76.0146,13.2594],[76.0178,13.2505],[76.039,13.2465],[76.0453,13.2765],[76.0412,13.2783],[76.0384,13.3194],[76.0443,13.3208],[76.0276,13.3202],[76.0279,13.3292],[76.0353,13.3356],[76.0304,13.3446],[76.0436,13.3745],[76.0557,13.3795],[76.0893,13.3716],[76.0908,13.3926],[76.13,13.3999],[76.1408,13.4073],[76.1387,13.4414],[76.1623,13.4698],[76.1948,13.4683],[76.1894,13.4518],[76.2011,13.4498],[76.1999,13.4675],[76.231,13.4672],[76.2352,13.4774],[76.2314,13.4869],[76.2397,13.4944],[76.2373,13.5071],[76.261,13.5098],[76.2633,13.5036],[76.2911,13.504],[76.2937,13.5258],[76.2993,13.5209],[76.3185,13.5378],[76.3332,13.5175],[76.3453,13.5136],[76.3489,13.525],[76.3627,13.53],[76.3641,13.5461],[76.3712,13.5476],[76.3834,13.5342],[76.3969,13.5338],[76.4017,13.524],[76.427,13.5234],[76.4163,13.5079],[76.3984,13.5025],[76.3978,13.491],[76.4147,13.4774],[76.4076,13.4588],[76.4184,13.4473],[76.4007,13.4201],[76.3876,13.3701],[76.3813,13.3687],[76.382,13.3636],[76.3464,13.3598],[76.3523,13.3241],[76.3482,13.3015],[76.3558,13.2855],[76.3565,13.2503],[76.3626,13.2497],[76.3659,13.2337],[76.3803,13.2311],[76.3793,13.2192],[76.3709,13.2108],[76.3723,13.1986],[76.3953,13.1969],[76.3962,13.1923],[76.4137,13.1911],[76.4163,13.1843],[76.4274,13.1843],[76.4301,13.1698],[76.442,13.1718],[76.453,13.1632],[76.4574,13.1457],[76.4754,13.1469],[76.4697,13.0905],[76.4997,13.0953],[76.5008,13.0847],[76.5175,13.0685],[76.5334,13.0773],[76.5881,13.0704],[76.5984,13.0745],[76.612,13.0685],[76.6201,13.057],[76.6188,13.0523],[76.6076,13.0528],[76.6035,13.0425],[76.6085,13.0086],[76.6319,13.0056]]]]}},{"type":"Feature","properties":{"name":"Haveri","districts":["Haveri"]},"geometry":{"type":"MultiPolygon","coordinates":[[[[75.4195,15.0617],[75.4524,15.0604],[75.463,15.0432],[75.4989,15.0467],[75.535,15.0308],[75.5436,15.0091],[75.5442,14.9782],[75.569,14.9779],[75.569,14.9706],[75.584,14.967],[75.6004,14.9548],[75.6136,14.9589],[75.6113,14.9721],[75.6321,14.9835],[75.6346,14.9945],[75.6708,14.9863],[75.6916,14.9741],[75.702,14.948],[75.6868,14.9431],[75.6846,14.9299],[75.6972,14.892],[75.729,14.8971],[75.7391,14.8873],[75.734,14.8637],[75.7229,14.864],[75.715,14.8519],[75.6972,14.8522],[75.6947,14.8584],[75.6902,14.854],[75.6648,14.8025],[75.7242,14.7685],[75.7191,14.7471],[75.7027,14.7296],[75.7063,14.7217],[75.7175,14.718],[75.7571,14.7383],[75.763,14.7348],[75.7644,14.7232],[75.7437,14.7035],[75.7401,14.6848],[75.7714,14.6741],[75.7995,14.6803],[75.8001,14.6653],[75.8123,14.6512],[75.8053,14.5992],[75.8202,14.5665],[75.8002,14.5397],[75.7984,14.5103],[75.773,14.5177],[75.7546,14.5136],[75.7152,14.472],[75.7083,14.4732],[75.7003,14.4887],[75.688,14.4897],[75.6601,14.4504],[75.6605,14.4578],[75.6545,14.4621],[75.6361,14.464],[75.6301,14.4427],[75.6355,14.4317],[75.6416,14.4305],[75.6407,14.4187],[75.6216,14.3429],[75.6338,14.3169],[75.6096,14.3142],[75.6027,14.2931],[75.5881,14.2884],[75.5795,14.2765],[75.5363,14.277],[75.5199,14.301],[75.5027,14.3067],[75.4996,14.3434],[75.4899,14.3468],[75.4882,14.3391],[75.4767,14.345],[75.4774,14.317],[75.4282,14.3489],[75.4113,14.3513],[75.3916,14.3666],[75.3707,14.37],[75.349,14.3875],[75.3595,14.4089],[75.3783,14.4101],[75.3814,14.4316],[75.3631,14.4389],[75.3585,14.4293],[75.344,14.4344],[75.3469,14.458],[75.3427,14.4735],[75.3473,14.4829],[75.3335,14.4913],[75.3205,14.5113],[75.2701,14.5127],[75.2694,14.5255],[75.2789,14.5325],[75.2922,14.5316],[75.2969,14.5385],[75.288,14.556],[75.2654,14.5792],[75.2479,14.5796],[75.2424,14.5572],[75.2379,14.5568],[75.2286,14.5625],[75.229,14.5834],[75.2237,14.5854],[75.2095,14.5739],[75.1849,14.5854],[75.1822,14.5981],[75.2056,14.5973],[75.212,14.6229],[75.2064,14.6355],[75.2016,14.6376],[75.2038,14.6305],[75.1939,14.6226],[75.1672,14.633],[75.1632,14.6172],[75.1546,14.6221],[75.1465,14.6177],[75.1433,14.6315],[75.1236,14.6302],[75.1014,14.6485],[75.075,14.6535],[75.0512,14.6486],[75.0344,14.6647],[75.0323,14.7068],[75.0177,14.7117],[75.02,14.7193],[75.0398,14.7276],[75.0464,14.7378],[75.0424,14.7688],[75.0644,14.7724],[75.0713,14.7798],[75.0711,14.7916],[75.0593,14.8015],[75.058,14.8117],[75.072,14.8059],[75.0946,14.8088],[75.0932,14.8177],[75.0754,14.8245],[75.0702,14.836],[75.0763,14.8689],[75.0707,14.9181],[75.1038,14.926],[75.106,14.9322],[75.1006,14.9405],[75.101,14.9551],[75.0866,14.9564],[75.0696,15.0158],[75.0769,15.0288],[75.0753,15.0514],[75.0831,15.0774],[75.0802,15.1097],[75.1148,15.1159],[75.1151,15.1235],[75.1072,15.1289],[75.1081,15.1383],[75.1326,15.1414],[75.1388,15.1588],[75.1466,15.1586],[75.1557,15.1451],[75.1382,15.1171],[75.1424,15.0998],[75.1603,15.1073],[75.1607,15.1018],[75.1878,15.102],[75.1918,15.0965],[75.2272,15.0991],[75.2283,15.1045],[75.2422,15.1072],[75.2541,15.1057],[75.2584,15.0964],[75.2637,15.1156],[75.2902,15.129],[75.2906,15.1366],[75.3108,15.14],[75.3098,15.1546],[75.3384,15.1595],[75.3401,15.1105],[75.3523,15.1023],[75.3506,15.0954],[75.3399,15.0924],[75.3309,15.0809],[75.3367,15.0802],[75.34,15.0686],[75.3577,15.0622],[75.3688,15.0473],[75.4034,15.058],[75.4171,15.0562],[75.4195,15.0617]]]]}},{"type":"Feature","properties":{"name":"Kalaburagi","districts":["Kalaburagi"]},"geometry":{"type":"MultiPolygon","coordinates":[[[[76.6922,17.6818],[76.6963,17.6657],[76.7108,17.6609],[76.6988,17.6457],[76.7128,17.6393],[76.7343,17.6661],[76.7699,17.6661],[76.7755,17.6382],[76.7835,17.6358],[76.7887,17.6481],[76.7961,17.651],[76.9016,17.6462],[76.9289,17.6348],[76.9201,17.6171],[76.9228,17.6108],[76.9399,17.6078],[76.9518,17.6235],[76.9583,17.6216],[76.9601,17.6365],[76.9862,17.6562],[76.9874,17.6611],[76.9785,17.666],[76.9785,17.6785],[76.9812,17.6877],[76.9918,17.6944],[77.0,17.6936],[77.0215,17.6754],[77.0346,17.6782],[77.0383,17.668],[77.0552,17.6702],[77.0888,17.6598],[77.0927,17.6679],[77.1032,17.6674],[77.1166,17.6848],[77.1349,17.6801],[77.1329,17.6621],[77.145,17.6526],[77.1515,17.6315],[77.1734,17.6265],[77.1908,17.6156],[77.2012,17.6307],[77.2077,17.6256],[77.2307,17.6322],[77.2773,17.6269],[77.3011,17.5977],[77.3087,17.5957],[77.3412,17.5899],[77.3503,17.6013],[77.3611,17.6013],[77.3785,17.5964],[77.3789,17.5834],[77.3907,17.5879],[77.4649,17.5797],[77.4778,17.5678],[77.4937,17.569],[77.5054,17.5437],[77.5312,17.576],[77.5405,17.5741],[77.5523,17.5523],[77.5938,17.5656],[77.5957,17.5356],[77.6206,17.5323],[77.6253,17.5252],[77.6607,17.5243],[77.6702,17.513],[77.6898,17.5087],[77.6882,17.476],[77.6522,17.4842],[77.6569,17.5063],[77.6483,17.4979],[77.6445,17.4791],[77.615,17.473],[77.6147,17.4473],[77.5999,17.4457],[77.5772,17.4572],[77.5765,17.4325],[77.5374,17.4439],[77.514,17.4302],[77.5145,17.4155],[77.5394,17.4071],[77.5252,17.3894],[77.5341,17.3809],[77.5319,17.3752],[77.5247,17.3651],[77.503,17.3571],[77.4783,17.3622],[77.4762,17.3662],[77.4831,17.3726],[77.4553,17.3735],[77.4535,17.353],[77.4601,17.348],[77.4589,17.3409],[77.4534,17.3179],[77.4378,17.2913],[77.4566,17.2897],[77.4583,17.279],[77.4263,17.2563],[77.4187,17.233],[77.4092,17.2405],[77.384,17.2229],[77.3883,17.2161],[77.4025,17.2119],[77.3972,17.2101],[77.3952,17.1955],[77.3744,17.1932],[77.3636,17.1648],[77.3791,17.1519],[77.38,17.1411],[77.4026,17.1351],[77.4075,17.1265],[77.4273,17.1173],[77.4425,17.1179],[77.4666,17.1074],[77.4642,17.0962],[77.4809,17.0796],[77.4821,17.0644],[77.4959,17.0423],[77.4961,17.0251],[77.5023,17.0187],[77.5035,17.0108],[77.4824,16.9938],[77.4832,16.9716],[77.4681,16.9562],[77.4718,16.9207],[77.4574,16.9126],[77.4565,16.8851],[77.4081,16.8812],[77.4103,16.8998],[77.3899,16.8933],[77.3756,16.8967],[77.3351,16.9307],[77.3208,16.9342],[77.2734,16.9246],[77.2395,16.9426],[77.2228,16.9422],[77.1998,16.9331],[77.1792,16.934],[77.1576,16.9199],[77.1409,16.9196],[77.1039,16.9003],[77.091,16.9037],[77.0865,16.9346],[77.072,16.9505],[77.0617,16.9465],[77.0429,16.9226],[77.0263,16.9173],[77.0214,16.9085],[77.0413,16.8792],[77.0108,16.8625],[76.9928,16.8621],[76.9827,16.8507],[76.9986,16.83],[76.9925,16.8187],[76.9343,16.8287],[76.9165,16.8221],[76.9059,16.8343],[76.9042,16.8516],[76.9155,16.863],[76.9228,16.8817],[76.8955,16.896],[76.847,16.8776],[76.8328,16.8773],[76.7873,16.8416],[76.7554,16.831],[76.7455,16.8171],[76.7437,16.7824],[76.7387,16.7773],[76.7114,16.7866],[76.6947,16.7863],[76.6595,16.7532],[76.6511,16.7308],[76.6342,16.7366],[76.6142,16.7658],[76.6052,16.7656],[76.5477,16.7519],[76.527,16.7539],[76.5094,16.7411],[76.501,16.7173],[76.4755,16.7093],[76.4602,16.7115],[76.4589,16.7213],[76.4474,16.7216],[76.4433,16.7128],[76.4205,16.7154],[76.43,16.736],[76.4409,16.7416],[76.4437,16.7562],[76.4194,16.7668],[76.4185,16.7627],[76.4123,16.767],[76.372,16.7674],[76.3788,16.8009],[76.3969,16.8042],[76.4115,16.7976],[76.414,16.8126],[76.3548,16.8187],[76.3582,16.838],[76.3748,16.8586],[76.4038,16.8575],[76.4295,16.8479],[76.4312,16.8375],[76.462,16.833],[76.4702,16.8393],[76.4593,16.8658],[76.4381,16.8673],[76.4344,16.881],[76.4353,16.8978],[76.4654,16.9003],[76.4592,16.9243],[76.4528,16.9256],[76.4461,16.9407],[76.4367,16.9414],[76.4277,16.928],[76.4191,16.9263],[76.4012,16.9346],[76.4007,16.9758],[76.4353,16.9802],[76.4382,17.0067],[76.4271,17.0518],[76.4298,17.0993],[76.39,17.0677],[76.3848,17.0989],[76.3634,17.1129],[76.3931,17.1331],[76.3938,17.1403],[76.3607,17.138],[76.3685,17.1644],[76.3602,17.1839],[76.3237,17.1679],[76.2762,17.1638],[76.2552,17.1469],[76.2444,17.1489],[76.2199,17.1841],[76.1885,17.1858],[76.1249,17.2447],[76.0904,17.256],[76.0878,17.2665],[76.0973,17.2912],[76.0665,17.3092],[76.0668,17.3157],[76.0734,17.334],[76.0868,17.3354],[76.096,17.3595],[76.1213,17.368],[76.1634,17.3427],[76.1641,17.3021],[76.1761,17.299],[76.1841,17.3129],[76.1766,17.3233],[76.1726,17.3505],[76.1832,17.3583],[76.2294,17.365],[76.2308,17.372],[76.2448,17.3765],[76.2505,17.3597],[76.2708,17.3584],[76.2765,17.3324],[76.3179,17.3313],[76.3137,17.3451],[76.3444,17.3518],[76.3531,17.3125],[76.3826,17.3138],[76.3939,17.3382],[76.4116,17.3496],[76.409,17.3712],[76.3628,17.377],[76.374,17.4362],[76.3344,17.4341],[76.3315,17.4706],[76.3508,17.4739],[76.3731,17.4875],[76.3759,17.4953],[76.3442,17.4961],[76.3471,17.5132],[76.3672,17.5184],[76.3669,17.5239],[76.3617,17.538],[76.3407,17.5442],[76.3323,17.5965],[76.4166,17.6059],[76.4296,17.646],[76.4437,17.6435],[76.4418,17.651],[76.4533,17.6572],[76.4904,17.6623],[76.4857,17.6713],[76.4874,17.7151],[76.5248,17.7168],[76.5249,17.7605],[76.5746,17.7616],[76.5659,17.7553],[76.5707,17.7054],[76.5746,17.7039],[76.5884,17.7096],[76.5946,17.7192],[76.6055,17.7575],[76.6159,17.7699],[76.6284,17.7576],[76.6321,17.7307],[76.6568,17.7181],[76.6647,17.6896],[76.6798,17.6891],[76.6922,17.6818]]]]}},{"type":"Feature","properties":{"name":"Kodagu","districts":["Kodagu"]},"geometry":{"type":"MultiPolygon","coordinates":[[[[76.0208,12.5665],[76.0149,12.5531],[75.9938,12.5568],[76.0026,12.5464],[75.9886,12.5411],[75.9978,12.5237],[75.9768,12.5175],[75.9747,12.5094],[75.964,12.5029],[75.9617,12.4879],[75.9696,12.4805],[75.9674,12.4722],[75.9733,12.4686],[75.975,12.4479],[75.9566,12.4493],[75.9307,12.4373],[75.9113,12.4017],[75.9126,12.3932],[75.9159,12.3847],[75.9345,12.3776],[75.9617,12.345],[75.9832,12.3381],[76.0,12.325],[76.0,12.3055],[76.0156,12.2891],[76.016,12.2649],[76.0231,12.2518],[76.0623,12.2498],[76.1066,12.1944],[76.1228,12.1894],[76.1335,12.1925],[76.1445,12.1565],[76.171,12.1183],[76.1777,12.1008],[76.1783,12.0731],[76.1893,12.0522],[76.1842,12.0305],[76.156,12.0189],[76.1289,11.9839],[76.0973,11.9679],[76.0788,11.9675],[76.0354,11.9389],[76.0097,11.9381],[76.0039,11.9297],[75.9539,11.9399],[75.9091,11.9407],[75.871,11.9515],[75.8561,11.9629],[75.8494,11.9761],[75.8319,11.9838],[75.8315,12.0116],[75.8047,12.036],[75.7979,12.0532],[75.8043,12.0769],[75.7563,12.083],[75.7213,12.0677],[75.7214,12.084],[75.7048,12.0891],[75.7057,12.1059],[75.6883,12.1078],[75.6768,12.0962],[75.6622,12.0998],[75.652,12.111],[75.6389,12.1478],[75.6208,12.1543],[75.595,12.1484],[75.5804,12.1561],[75.5738,12.1708],[75.5558,12.1814],[75.5521,12.1937],[75.537,12.2013],[75.5412,12.2163],[75.5285,12.2248],[75.5141,12.2585],[75.5069,12.2683],[75.4954,12.272],[75.4856,12.2913],[75.47,12.3005],[75.4611,12.2936],[75.4333,12.297],[75.4217,12.2914],[75.433,12.3046],[75.4125,12.3463],[75.4202,12.3534],[75.4238,12.3717],[75.3808,12.3916],[75.3677,12.412],[75.3726,12.4339],[75.3686,12.4566],[75.3879,12.4556],[75.3941,12.45],[75.4248,12.465],[75.4167,12.5017],[75.4221,12.5135],[75.4337,12.5168],[75.4361,12.5281],[75.4722,12.4978],[75.4633,12.4852],[75.4652,12.4719],[75.4916,12.4601],[75.4964,12.4823],[75.5244,12.4893],[75.529,12.4976],[75.5662,12.4867],[75.5676,12.4927],[75.5575,12.5011],[75.5885,12.5352],[75.5927,12.5371],[75.6056,12.5121],[75.6179,12.5104],[75.6448,12.538],[75.6711,12.5499],[75.6644,12.5947],[75.6542,12.6215],[75.6429,12.6296],[75.6488,12.6665],[75.6728,12.7005],[75.6955,12.702],[75.7071,12.7083],[75.723,12.6983],[75.7322,12.6995],[75.749,12.6793],[75.7624,12.675],[75.7747,12.6791],[75.778,12.6884],[75.7937,12.6893],[75.812,12.7],[75.8394,12.6686],[75.8846,12.6732],[75.8904,12.6927],[75.8875,12.705],[75.8734,12.7091],[75.853,12.7267],[75.8575,12.7424],[75.8496,12.7496],[75.8617,12.7556],[75.8624,12.768],[75.8747,12.7698],[75.865,12.7974],[75.8653,12.8202],[75.8771,12.8227],[75.8794,12.8331],[75.8999,12.8268],[75.91,12.8146],[75.924,12.8272],[75.9306,12.808],[75.953,12.8019],[75.9746,12.8043],[75.9733,12.782],[75.9609,12.7781],[75.953,12.7635],[75.9426,12.7661],[75.9392,12.7611],[75.9371,12.7337],[75.9445,12.7164],[75.9679,12.7103],[75.9606,12.6811],[75.9442,12.6765],[75.9496,12.6645],[75.9396,12.6443],[75.9454,12.6346],[75.9384,12.628],[75.9496,12.6259],[75.9513,12.6191],[75.9416,12.606],[75.9667,12.5586],[75.979,12.5595],[75.9729,12.5737],[75.9919,12.5698],[75.9932,12.583],[76.0208,12.5665]]]]}},{"type":"Feature","properties":{"name":"Kolar","districts":["Kolar"]},"geometry":{"type":"MultiPolygon","coordinates":[[[[77.9257,13.2383],[77.9456,13.2773],[77.9894,13.3074],[78.0136,13.2979],[78.0238,13.2882],[78.0479,13.2885],[78.0698,13.3026],[78.1301,13.3014],[78.1219,13.3151],[78.1217,13.3269],[78.1473,13.3646],[78.1371,13.3763],[78.1288,13.3998],[78.1846,13.43],[78.2045,13.4519],[78.2081,13.4815],[78.1916,13.5088],[78.2013,13.5365],[78.199,13.564],[78.2181,13.591],[78.2322,13.5862],[78.2373,13.5964],[78.2593,13.5835],[78.3223,13.5928],[78.3535,13.5872],[78.4007,13.5876],[78.4077,13.5757],[78.3773,13.5047],[78.3727,13.4617],[78.3815,13.4007],[78.3654,13.3647],[78.3667,13.3564],[78.3851,13.3561],[78.4077,13.3421],[78.3988,13.3282],[78.3816,13.3422],[78.3773,13.3298],[78.3895,13.3266],[78.4017,13.3135],[78.4349,13.329],[78.4465,13.3083],[78.4823,13.3179],[78.4831,13.3011],[78.5118,13.2873],[78.5227,13.2701],[78.5315,13.2657],[78.5395,13.286],[78.5614,13.2862],[78.5664,13.3096],[78.578,13.282],[78.5883,13.2723],[78.5697,13.2374],[78.5681,13.2223],[78.5796,13.2146],[78.5693,13.2025],[78.5519,13.1975],[78.5534,13.1904],[78.5743,13.1877],[78.5801,13.1668],[78.5497,13.1619],[78.5437,13.1524],[78.5464,13.1411],[78.5324,13.1393],[78.5197,13.1299],[78.5221,13.1166],[78.539,13.1077],[78.5258,13.1014],[78.5248,13.095],[78.5129,13.092],[78.5096,13.0801],[78.5156,13.0631],[78.4821,13.0541],[78.4721,13.0423],[78.4626,13.0418],[78.4633,13.014],[78.4725,12.9894],[78.469,12.9736],[78.4337,12.9789],[78.4384,12.9608],[78.4275,12.9546],[78.4202,12.9571],[78.4217,12.948],[78.4121,12.943],[78.4187,12.9184],[78.4281,12.9305],[78.4674,12.9032],[78.4655,12.8636],[78.4639,12.8759],[78.4497,12.8901],[78.447,12.911],[78.4376,12.9124],[78.4358,12.9037],[78.4285,12.8994],[78.4141,12.9016],[78.3995,12.9158],[78.3962,12.9065],[78.3894,12.9054],[78.3564,12.9382],[78.3382,12.8994],[78.3274,12.9027],[78.3244,12.8987],[78.3219,12.8839],[78.3385,12.8842],[78.3326,12.873],[78.3151,12.8759],[78.3141,12.8573],[78.2866,12.8592],[78.2735,12.8666],[78.252,12.8574],[78.2512,12.8132],[78.2405,12.7721],[78.2316,12.7626],[78.1948,12.7726],[78.177,12.7749],[78.169,12.7701],[78.1314,12.7798],[78.1252,12.7969],[78.0971,12.813],[78.0867,12.8302],[78.0765,12.8286],[78.0751,12.8398],[78.0619,12.8419],[78.0572,12.852],[78.0504,12.8478],[78.0253,12.8554],[78.0272,12.8431],[78.0194,12.8432],[78.0175,12.8296],[78.0037,12.8232],[78.016,12.8128],[78.0119,12.805],[77.9918,12.8051],[77.9917,12.8199],[77.9816,12.8321],[77.9677,12.8309],[77.9682,12.8457],[77.9571,12.8475],[77.9557,12.8587],[77.9436,12.8541],[77.9501,12.8387],[77.9432,12.8223],[77.9206,12.829],[77.9255,12.8536],[77.9446,12.8654],[77.9437,12.871],[77.9298,12.8728],[77.9285,12.8782],[77.9388,12.8807],[77.9344,12.8871],[77.8975,12.8761],[77.8923,12.8676],[77.8688,12.8668],[77.8681,12.8758],[77.8571,12.8766],[77.8548,12.8923],[77.8642,12.9127],[77.8435,12.9134],[77.8415,12.9193],[77.8551,12.9309],[77.8696,12.9322],[77.8756,12.9426],[77.8679,12.9503],[77.8723,12.9591],[77.865,12.9718],[77.8733,12.9733],[77.8775,13.0002],[77.8883,13.0097],[77.8937,13.0481],[77.8973,13.0523],[77.9164,13.0482],[77.9288,13.0674],[77.9409,13.0684],[77.9418,13.0827],[77.9365,13.0756],[77.9274,13.075],[77.9255,13.0798],[77.9143,13.0805],[77.9124,13.0937],[77.9027,13.099],[77.9148,13.1091],[77.9159,13.1164],[77.9382,13.1067],[77.94,13.1224],[77.9576,13.1245],[77.9588,13.1572],[77.9548,13.1598],[77.9631,13.1859],[77.9568,13.2011],[77.9582,13.2174],[77.9464,13.2145],[77.9647,13.2302],[77.9665,13.2434],[77.9504,13.247],[77.9464,13.2408],[77.9257,13.2383]]]]}},{"type":"Feature","properties":{"name":"Koppal","districts":["Koppal"]},"geometry":{"type":"MultiPolygon","coordinates":[[[[76.2856,15.9013],[76.2904,15.8913],[76.3092,15.892],[76.3182,15.9012],[76.3459,15.8973],[76.3392,15.8717],[76.3503,15.8625],[76.3571,15.8657],[76.3594,15.8782],[76.3607,15.9008],[76.3555,15.9036],[76.3751,15.9144],[76.3761,15.9015],[76.4038,15.9],[76.4276,15.8877],[76.4196,15.8681],[76.4512,15.851],[76.4514,15.8361],[76.4234,15.8053],[76.413,15.802],[76.4234,15.7856],[76.4402,15.7839],[76.4403,15.7478],[76.4476,15.7405],[76.444,15.7359],[76.4924,15.7106],[76.4922,15.7052],[76.5123,15.7155],[76.515,15.7082],[76.5212,15.7102],[76.5319,15.6993],[76.5409,15.7031],[76.5449,15.6983],[76.5616,15.7053],[76.5879,15.6968],[76.5985,15.6993],[76.6,15.6728],[76.6541,15.6651],[76.6538,15.6603],[76.6721,15.6568],[76.6702,15.6382],[76.6926,15.6454],[76.6948,15.6227],[76.6806,15.6262],[76.6812,15.6068],[76.6926,15.5995],[76.6904,15.5945],[76.7016,15.5895],[76.7019,15.5933],[76.7532,15.5884],[76.7603,15.5653],[76.814,15.5466],[76.8093,15.5381],[76.813,15.5147],[76.7811,15.4929],[76.7271,15.4915],[76.703,15.4852],[76.6695,15.4503],[76.6119,15.4415],[76.5918,15.4124],[76.556,15.3941],[76.4909,15.3424],[76.4811,15.3479],[76.4498,15.3378],[76.4336,15.3385],[76.4071,15.3236],[76.3854,15.3285],[76.363,15.3254],[76.3526,15.3116],[76.3341,15.2629],[76.3108,15.2605],[76.2915,15.2412],[76.2814,15.2181],[76.2685,15.2061],[76.2593,15.2048],[76.2487,15.1913],[76.231,15.1906],[76.2207,15.2005],[76.2324,15.2328],[76.1879,15.235],[76.1629,15.2163],[76.1589,15.1975],[76.1251,15.2028],[76.1138,15.1982],[76.1069,15.1754],[76.0937,15.1628],[76.0563,15.156],[76.0371,15.144],[75.9784,15.153],[75.9505,15.1371],[75.9488,15.1655],[75.9259,15.1812],[75.9128,15.2385],[75.9049,15.2373],[75.8993,15.2762],[75.89,15.288],[75.8919,15.3345],[75.8874,15.3514],[75.9021,15.3534],[75.9034,15.4024],[75.8658,15.4076],[75.8668,15.4247],[75.8589,15.4253],[75.8596,15.4445],[75.8408,15.4432],[75.823,15.4522],[75.8103,15.4872],[75.8148,15.4882],[75.814,15.4957],[75.8232,15.4954],[75.8183,15.508],[75.86,15.5136],[75.8681,15.5948],[75.8853,15.596],[75.8993,15.6069],[75.8991,15.6243],[75.8949,15.6248],[75.8953,15.6323],[75.8866,15.6346],[75.8866,15.671],[75.8724,15.6734],[75.8715,15.7154],[75.888,15.7189],[75.8903,15.7282],[75.8853,15.737],[75.8923,15.7385],[75.8974,15.7499],[75.9081,15.7455],[75.9119,15.7334],[75.9205,15.7278],[75.9157,15.7011],[75.9246,15.6942],[75.9409,15.6931],[75.945,15.6778],[75.9667,15.6782],[75.9729,15.6634],[76.0117,15.6636],[76.0181,15.6772],[76.0132,15.6815],[75.9956,15.679],[75.983,15.6667],[75.989,15.6888],[75.9829,15.6908],[75.9925,15.7083],[76.0072,15.7167],[76.0252,15.7102],[76.0424,15.7195],[76.0446,15.7381],[76.0391,15.7381],[76.0419,15.7526],[76.0364,15.7556],[76.0419,15.764],[76.0107,15.7828],[75.9961,15.7805],[75.9896,15.8022],[75.9648,15.7946],[75.9635,15.7842],[75.94,15.7888],[75.8762,15.8266],[75.8457,15.8377],[75.8481,15.8686],[75.8255,15.8644],[75.8339,15.8791],[75.8285,15.8992],[75.8123,15.8982],[75.8117,15.8933],[75.7806,15.8974],[75.772,15.9008],[75.7789,15.906],[75.7736,15.9137],[75.7878,15.9218],[75.8351,15.9244],[75.8523,15.9354],[75.8775,15.9325],[75.8874,15.9202],[75.9033,15.9226],[75.9195,15.9063],[75.9277,15.894],[75.9251,15.8876],[75.9308,15.8843],[75.9294,15.8744],[75.9414,15.8739],[75.945,15.865],[75.9625,15.8637],[75.9656,15.8583],[75.9793,15.8721],[75.9775,15.9871],[75.9944,16.0037],[76.0151,16.0021],[76.0224,16.0077],[76.0528,16.0021],[76.0584,16.0097],[76.0809,16.01],[76.0861,15.9924],[76.0601,15.9047],[76.1023,15.8981],[76.118,15.8849],[76.1463,15.8927],[76.1561,15.9114],[76.1737,15.9228],[76.1738,15.9286],[76.194,15.9298],[76.2028,15.9346],[76.203,15.9408],[76.2284,15.9392],[76.2316,15.9207],[76.2577,15.9208],[76.2614,15.9045],[76.271,15.903],[76.2726,15.9086],[76.2856,15.9013]]]]}},{"type":"Feature","properties":{"name":"Mandya","districts":["Mandya"]},"geometry":{"type":"MultiPolygon","coordinates":[[[[76.6847,13.0428],[76.6945,13.0352],[76.7026,13.0392],[76.7624,13.0347],[76.7833,13.027],[76.7875,13.0117],[76.8102,13.0121],[76.8152,13.0025],[76.8275,13.0003],[76.8521,12.9773],[76.8396,12.9715],[76.8392,12.9443],[76.8479,12.9434],[76.8642,12.9278],[76.8901,12.9313],[76.8934,12.9175],[76.8753,12.9197],[76.8652,12.914],[76.8645,12.9067],[76.8719,12.897],[76.8879,12.8979],[76.8928,12.8821],[76.8917,12.8533],[76.9252,12.8044],[76.9325,12.7997],[76.9417,12.8041],[76.9711,12.8025],[76.9742,12.7925],[76.9881,12.7874],[76.9971,12.7758],[77.011,12.7809],[77.0086,12.7687],[77.0181,12.7619],[77.0259,12.7614],[77.0454,12.7762],[77.0518,12.7475],[77.0693,12.7549],[77.0813,12.7461],[77.0856,12.7401],[77.074,12.7012],[77.0747,12.6824],[77.0985,12.6749],[77.102,12.6287],[77.1242,12.6227],[77.1119,12.6152],[77.1086,12.6012],[77.1304,12.5677],[77.1291,12.5516],[77.115,12.553],[77.1149,12.5425],[77.1305,12.5178],[77.1332,12.5009],[77.1264,12.4804],[77.1411,12.4622],[77.1477,12.4616],[77.1584,12.4746],[77.1666,12.4751],[77.1692,12.4835],[77.1784,12.4784],[77.1992,12.483],[77.2007,12.488],[77.2103,12.4847],[77.2228,12.4908],[77.225,12.4997],[77.2396,12.4991],[77.2393,12.4873],[77.2274,12.4879],[77.2265,12.4751],[77.2349,12.4817],[77.2382,12.4692],[77.2559,12.4692],[77.2593,12.462],[77.2695,12.4649],[77.2753,12.4392],[77.2711,12.4346],[77.2847,12.4279],[77.282,12.4043],[77.2873,12.3919],[77.3145,12.3899],[77.3287,12.3656],[77.3337,12.3531],[77.3228,12.3071],[77.3031,12.2981],[77.2721,12.3126],[77.2257,12.3045],[77.1661,12.3091],[77.17,12.2595],[77.1113,12.2415],[77.1071,12.2203],[77.0885,12.2187],[77.0752,12.2369],[77.0353,12.2334],[77.0249,12.2424],[76.9998,12.2437],[76.9904,12.2569],[76.9918,12.2867],[76.9731,12.2896],[76.9765,12.306],[76.9897,12.3006],[76.9981,12.3088],[76.9859,12.319],[76.9854,12.3286],[76.9785,12.3265],[76.9774,12.3524],[76.9553,12.3551],[76.9559,12.328],[76.924,12.3245],[76.928,12.3382],[76.9239,12.3504],[76.9394,12.354],[76.9403,12.3758],[76.9368,12.4015],[76.9273,12.413],[76.927,12.4293],[76.92,12.4415],[76.9049,12.4351],[76.9063,12.4222],[76.8969,12.4084],[76.865,12.3975],[76.8558,12.4076],[76.8467,12.4015],[76.8359,12.4023],[76.8359,12.3841],[76.8182,12.3861],[76.8118,12.3598],[76.8056,12.3664],[76.8056,12.3548],[76.7886,12.3459],[76.7712,12.3501],[76.7634,12.335],[76.7638,12.3079],[76.758,12.3018],[76.7489,12.3058],[76.7435,12.3173],[76.733,12.3193],[76.7318,12.3407],[76.7197,12.355],[76.7007,12.3501],[76.6814,12.3667],[76.6863,12.3903],[76.6653,12.386],[76.651,12.3955],[76.6251,12.3676],[76.6,12.365],[76.5806,12.3487],[76.5651,12.3519],[76.5659,12.3785],[76.5573,12.391],[76.5662,12.4035],[76.5682,12.4245],[76.5448,12.4389],[76.5007,12.4512],[76.4985,12.4615],[76.4581,12.4785],[76.4512,12.4873],[76.453,12.5077],[76.4412,12.5118],[76.4243,12.5357],[76.4267,12.5441],[76.4135,12.5558],[76.392,12.5526],[76.3965,12.5717],[76.3811,12.5747],[76.3726,12.6057],[76.3659,12.6101],[76.3664,12.6285],[76.3552,12.6377],[76.3552,12.6508],[76.3451,12.656],[76.3627,12.6893],[76.3654,12.7069],[76.3482,12.7197],[76.3447,12.7321],[76.3474,12.743],[76.359,12.7485],[76.3456,12.7656],[76.3526,12.7711],[76.3519,12.7858],[76.3376,12.7879],[76.3316,12.8067],[76.3387,12.8126],[76.3733,12.8097],[76.371,12.8263],[76.3865,12.8328],[76.3903,12.8456],[76.4117,12.8458],[76.4125,12.8661],[76.4295,12.8516],[76.4242,12.8446],[76.4279,12.8252],[76.446,12.8224],[76.4598,12.803],[76.4705,12.8021],[76.4582,12.7801],[76.4779,12.7722],[76.4821,12.7812],[76.4912,12.7851],[76.4991,12.7691],[76.501,12.777],[76.4943,12.7873],[76.4993,12.8047],[76.493,12.8079],[76.5024,12.8212],[76.5167,12.8247],[76.5226,12.8412],[76.5769,12.8479],[76.5796,12.8692],[76.5965,12.8802],[76.5919,12.8907],[76.6014,12.9023],[76.5967,12.9202],[76.603,12.9241],[76.6054,12.9369],[76.6186,12.9431],[76.613,12.9655],[76.6323,12.9719],[76.6319,13.0056],[76.6529,13.0065],[76.674,13.0539],[76.6847,13.0428]],[[77.2934,12.3554],[77.2886,12.361],[77.2868,12.3538],[77.2923,12.351],[77.2934,12.3554]]],[[[76.9139,12.3575],[76.8956,12.3586],[76.8978,12.3715],[76.9116,12.3822],[76.9235,12.379],[76.9185,12.3585],[76.9139,12.3575]]],[[[76.9844,12.2566],[76.9708,12.2575],[76.9715,12.2744],[76.9814,12.2719],[76.9844,12.2566]]]]}},{"type":"Feature","properties":{"name":"Mysuru","districts":["Mysuru"]},"geometry":{"type":"MultiPolygon","coordinates":[[[[77.1131,12.2423],[77.1256,12.2392],[77.1349,12.2274],[77.1319,12.2049],[77.1089,12.1896],[77.0824,12.1885],[77.0664,12.1731],[77.0463,12.1689],[77.0404,12.1477],[77.0462,12.1394],[77.0424,12.129],[77.0359,12.1404],[77.02,12.1352],[77.0146,12.1395],[77.0142,12.164],[77.005,12.1603],[76.9981,12.1762],[76.9939,12.1756],[76.9891,12.1438],[76.9771,12.1336],[76.9754,12.1211],[76.9688,12.1223],[76.9729,12.1154],[76.9473,12.0981],[76.9237,12.1136],[76.9061,12.1132],[76.9045,12.1215],[76.8934,12.1199],[76.878,12.1335],[76.8701,12.1483],[76.8696,12.1688],[76.8576,12.1847],[76.8541,12.1687],[76.8479,12.1659],[76.8539,12.1592],[76.8432,12.156],[76.833,12.1307],[76.8471,12.1145],[76.8749,12.1157],[76.8836,12.0841],[76.872,12.0648],[76.8574,12.0602],[76.8925,12.0584],[76.8928,12.0476],[76.9117,12.0398],[76.919,12.0268],[76.9395,12.0267],[76.9348,12.0125],[76.926,12.0116],[76.905,11.9958],[76.8891,11.9969],[76.8849,12.0145],[76.8745,12.0057],[76.8653,12.007],[76.8608,11.9965],[76.8444,11.9967],[76.8241,12.0104],[76.8214,12.0272],[76.8137,12.0292],[76.7929,12.0091],[76.799,12.0024],[76.7998,11.9876],[76.7897,11.9831],[76.7821,11.9817],[76.7672,11.9961],[76.7466,12.0011],[76.7449,12.0108],[76.7301,11.9897],[76.7166,11.9819],[76.707,11.982],[76.6997,11.997],[76.6835,11.997],[76.6717,12.007],[76.6578,12.0089],[76.6439,11.9823],[76.6125,11.9892],[76.5987,11.9833],[76.5784,11.9845],[76.5736,11.9635],[76.5602,11.9455],[76.5722,11.9353],[76.5765,11.9211],[76.5578,11.8898],[76.5554,11.8559],[76.5341,11.8707],[76.491,11.8584],[76.4922,11.8208],[76.47,11.8168],[76.462,11.7903],[76.4126,11.811],[76.4107,11.8072],[76.4246,11.8002],[76.4289,11.7917],[76.4152,11.7873],[76.4159,11.7773],[76.4234,11.7744],[76.4121,11.7568],[76.3983,11.7498],[76.3914,11.7519],[76.3799,11.7431],[76.3635,11.7468],[76.3537,11.7373],[76.3424,11.7374],[76.3178,11.7506],[76.3072,11.7829],[76.2908,11.7916],[76.2791,11.8102],[76.2513,11.8019],[76.2254,11.8066],[76.2123,11.8261],[76.2076,11.8606],[76.1906,11.8702],[76.1559,11.8674],[76.1229,11.8494],[76.1144,11.8575],[76.114,11.9769],[76.1289,11.9839],[76.156,12.0189],[76.1789,12.0267],[76.1864,12.0344],[76.1893,12.0522],[76.1783,12.0731],[76.1777,12.1008],[76.1445,12.1565],[76.1335,12.1925],[76.1228,12.1894],[76.1066,12.1944],[76.0623,12.2498],[76.0231,12.2518],[76.016,12.2649],[76.0156,12.2891],[76.0,12.3055],[76.0,12.325],[75.9832,12.3381],[75.9617,12.345],[75.9345,12.3776],[75.9159,12.3847],[75.9113,12.4017],[75.9307,12.4373],[75.9566,12.4493],[75.975,12.4479],[75.9733,12.4686],[75.9674,12.4722],[75.9696,12.4805],[75.9617,12.4879],[75.964,12.5029],[75.9747,12.5094],[75.9768,12.5175],[75.9978,12.5237],[75.9886,12.5411],[76.0021,12.5436],[75.9935,12.5546],[75.9963,12.5585],[76.0149,12.5531],[76.0257,12.5737],[76.0476,12.5746],[76.0524,12.553],[76.0688,12.5544],[76.081,12.5424],[76.0918,12.5436],[76.0892,12.5357],[76.1008,12.5345],[76.109,12.5147],[76.1164,12.512],[76.1195,12.5266],[76.1372,12.5271],[76.1376,12.5343],[76.1535,12.5446],[76.158,12.5626],[76.1528,12.5699],[76.1599,12.5757],[76.1967,12.5756],[76.1986,12.6002],[76.2079,12.6144],[76.2176,12.617],[76.2178,12.6239],[76.2096,12.6291],[76.2222,12.6422],[76.2424,12.6385],[76.2498,12.6256],[76.2695,12.6188],[76.2703,12.6291],[76.278,12.6307],[76.283,12.63],[76.2835,12.6179],[76.2947,12.6173],[76.3009,12.6312],[76.3041,12.622],[76.3113,12.6232],[76.3109,12.61],[76.3229,12.6096],[76.332,12.6148],[76.324,12.6331],[76.3408,12.6458],[76.3451,12.656],[76.3552,12.6508],[76.3552,12.6377],[76.3664,12.6285],[76.3659,12.6101],[76.3726,12.6057],[76.3811,12.5747],[76.3965,12.5717],[76.392,12.5526],[76.4135,12.5558],[76.4267,12.5441],[76.4243,12.5357],[76.4412,12.5118],[76.453,12.5077],[76.4528,12.4833],[76.4985,12.4615],[76.5007,12.4512],[76.5448,12.4389],[76.5682,12.4245],[76.5662,12.4035],[76.5573,12.391],[76.5659,12.3785],[76.562,12.3623],[76.5687,12.349],[76.5806,12.3487],[76.6,12.365],[76.6251,12.3676],[76.651,12.3955],[76.6653,12.386],[76.6863,12.3903],[76.6814,12.3667],[76.7007,12.3501],[76.7197,12.355],[76.7318,12.3407],[76.733,12.3193],[76.7435,12.3173],[76.7489,12.3058],[76.758,12.3018],[76.7638,12.3079],[76.7634,12.335],[76.7712,12.3501],[76.7886,12.3459],[76.8056,12.3548],[76.8056,12.3664],[76.8118,12.3598],[76.8182,12.3861],[76.8359,12.3841],[76.8359,12.4023],[76.8467,12.4015],[76.8558,12.4076],[76.865,12.3975],[76.8969,12.4084],[76.9063,12.4222],[76.9049,12.4351],[76.92,12.4415],[76.927,12.4293],[76.9273,12.413],[76.9368,12.4015],[76.9403,12.3758],[76.9394,12.354],[76.9239,12.3504],[76.928,12.3382],[76.924,12.3245],[76.9559,12.328],[76.9553,12.3551],[76.9774,12.3524],[76.9785,12.3265],[76.9854,12.3286],[76.9859,12.319],[76.9981,12.3088],[76.9897,12.3006],[76.9765,12.306],[76.9731,12.2896],[76.9918,12.2867],[76.9904,12.2569],[76.9998,12.2437],[77.0249,12.2424],[77.0353,12.2334],[77.0752,12.2369],[77.0885,12.2187],[77.1071,12.2203],[77.1131,12.2423]],[[76.9139,12.3575],[76.9185,12.3585],[76.9235,12.379],[76.9116,12.3822],[76.8978,12.3715],[76.8956,12.3586],[76.9139,12.3575]],[[76.9844,12.2566],[76.9814,12.2719],[76.9715,12.2744],[76.9708,12.2575],[76.9844,12.2566]]]]}},{"type":"Feature","properties":{"name":"Raichur","districts":["Raichur"]},"geometry":{"type":"MultiPolygon","coordinates":[[[[77.2886,16.407],[77.3368,16.3924],[77.3567,16.3808],[77.3774,16.3841],[77.4161,16.3669],[77.4321,16.3694],[77.4425,16.3787],[77.499,16.3801],[77.5235,16.3745],[77.5592,16.346],[77.5766,16.3405],[77.5964,16.342],[77.5892,16.3326],[77.5956,16.3165],[77.5951,16.2914],[77.5855,16.2907],[77.5698,16.3023],[77.5479,16.2916],[77.5385,16.2672],[77.524,16.2754],[77.5059,16.2723],[77.5036,16.2624],[77.4922,16.2543],[77.4934,16.2289],[77.5154,16.2279],[77.5135,16.2195],[77.5,16.2176],[77.4996,16.1917],[77.4883,16.1632],[77.4928,16.152],[77.4914,16.1204],[77.5142,16.1083],[77.5027,16.1019],[77.4977,16.0885],[77.5078,16.078],[77.4955,16.0354],[77.5066,16.0104],[77.515,16.0071],[77.5104,15.9776],[77.5208,15.9624],[77.5144,15.9258],[77.4718,15.9325],[77.4312,15.9471],[77.3808,15.938],[77.3582,15.9484],[77.3046,15.9551],[77.2868,15.952],[77.2532,15.9623],[77.1612,15.9489],[77.0939,15.9223],[77.0698,15.9037],[77.0369,15.8575],[77.0282,15.8339],[76.9387,15.7513],[76.9277,15.7348],[76.9157,15.6947],[76.8931,15.6828],[76.8602,15.6433],[76.8393,15.6296],[76.8341,15.6157],[76.8357,15.5612],[76.814,15.5466],[76.7603,15.5653],[76.7532,15.5884],[76.7479,15.5905],[76.7019,15.5933],[76.7016,15.5895],[76.6904,15.5945],[76.6926,15.5995],[76.6812,15.6068],[76.6806,15.6262],[76.6948,15.6227],[76.6926,15.6454],[76.6702,15.6382],[76.6721,15.6568],[76.6538,15.6603],[76.6541,15.6651],[76.6,15.6728],[76.5985,15.6993],[76.5879,15.6968],[76.5616,15.7053],[76.5449,15.6983],[76.5409,15.7031],[76.5319,15.6993],[76.5212,15.7102],[76.515,15.7082],[76.5123,15.7155],[76.4922,15.7052],[76.4924,15.7106],[76.444,15.7359],[76.4476,15.7405],[76.4403,15.7478],[76.4402,15.7839],[76.4234,15.7856],[76.413,15.802],[76.4234,15.8053],[76.4514,15.8361],[76.4512,15.851],[76.4196,15.8681],[76.4276,15.8877],[76.4038,15.9],[76.3761,15.9015],[76.3751,15.9144],[76.3555,15.9036],[76.3607,15.9008],[76.3594,15.8782],[76.3571,15.8657],[76.3503,15.8625],[76.3392,15.8717],[76.3459,15.8973],[76.3182,15.9012],[76.3092,15.892],[76.2904,15.8913],[76.2857,15.9256],[76.3018,15.9276],[76.3026,15.9221],[76.311,15.9219],[76.3282,15.9308],[76.3221,15.9527],[76.3119,15.9543],[76.3023,15.969],[76.2973,15.9919],[76.2974,15.9969],[76.3133,16.0006],[76.3065,16.0244],[76.3078,16.0647],[76.303,16.0726],[76.2609,16.0732],[76.2592,16.082],[76.2612,16.0889],[76.2943,16.0873],[76.3296,16.0763],[76.3346,16.0903],[76.2709,16.1078],[76.2632,16.0978],[76.2553,16.0978],[76.255,16.11],[76.2461,16.1112],[76.2475,16.1262],[76.2354,16.1301],[76.241,16.1653],[76.2815,16.1498],[76.2884,16.1555],[76.2984,16.1822],[76.3466,16.1963],[76.4788,16.2901],[76.515,16.2994],[76.5465,16.315],[76.5804,16.3404],[76.6051,16.3394],[76.6484,16.3588],[76.7472,16.4121],[76.7595,16.4264],[76.7855,16.4163],[76.8391,16.4285],[76.8632,16.4551],[76.8696,16.4864],[76.8826,16.493],[76.9124,16.4858],[76.9702,16.5051],[76.9775,16.5179],[76.9708,16.5404],[76.9761,16.5583],[77.0,16.5587],[77.0111,16.5454],[77.0067,16.5158],[77.0143,16.5011],[77.0266,16.5016],[77.046,16.5166],[77.0588,16.5177],[77.115,16.4822],[77.1519,16.4757],[77.1643,16.4614],[77.1645,16.4432],[77.1712,16.435],[77.2438,16.4167],[77.2678,16.4021],[77.2886,16.407]]]]}},{"type":"Feature","properties":{"name":"Shivamogga","districts":["Shivamogga"]},"geometry":{"type":"MultiPolygon","coordinates":[[[[75.5362,14.2774],[75.5299,14.2769],[75.5265,14.2021],[75.5165,14.2032],[75.508,14.2166],[75.4788,14.2146],[75.4532,14.2037],[75.4854,14.174],[75.4609,14.1733],[75.4436,14.1617],[75.4012,14.1242],[75.4002,14.1144],[75.4516,14.0949],[75.4936,14.1025],[75.4958,14.0973],[75.5162,14.0963],[75.5862,14.0571],[75.5948,14.062],[75.6066,14.0567],[75.6124,14.0592],[75.618,14.0758],[75.6319,14.0735],[75.6359,14.0786],[75.6674,14.0656],[75.7229,14.0745],[75.722,14.0812],[75.7365,14.0862],[75.7397,14.101],[75.7564,14.1],[75.7575,14.1079],[75.8048,14.096],[75.8108,14.1016],[75.8218,14.0633],[75.7981,14.0317],[75.8001,14.0255],[75.8231,14.0169],[75.8271,13.9721],[75.8578,13.9139],[75.8613,13.8926],[75.8549,13.8726],[75.8618,13.8715],[75.8799,13.8103],[75.825,13.8174],[75.807,13.7943],[75.7917,13.796],[75.7781,13.789],[75.7658,13.7949],[75.7607,13.7933],[75.766,13.7847],[75.7627,13.7805],[75.7498,13.7799],[75.7333,13.7692],[75.6887,13.7666],[75.6864,13.7494],[75.6782,13.751],[75.6706,13.7635],[75.6569,13.7479],[75.6755,13.7283],[75.6749,13.7219],[75.652,13.7182],[75.6355,13.7015],[75.6219,13.7095],[75.6191,13.7218],[75.6278,13.7335],[75.6104,13.7464],[75.6094,13.7608],[75.5778,13.7587],[75.5644,13.7415],[75.5412,13.7295],[75.5107,13.7549],[75.5062,13.7655],[75.5001,13.7599],[75.4918,13.7682],[75.489,13.7602],[75.4623,13.7429],[75.4562,13.7246],[75.4032,13.7035],[75.3839,13.7113],[75.3839,13.7044],[75.3945,13.7004],[75.4151,13.654],[75.4075,13.6262],[75.3979,13.6297],[75.3889,13.6236],[75.3892,13.6142],[75.3794,13.6167],[75.3739,13.6275],[75.366,13.6226],[75.3697,13.5997],[75.3562,13.5961],[75.3443,13.582],[75.3418,13.5874],[75.3298,13.5849],[75.3265,13.5934],[75.3211,13.5923],[75.296,13.5847],[75.2771,13.5642],[75.2438,13.6055],[75.2348,13.6008],[75.2226,13.6041],[75.2116,13.5856],[75.2259,13.5704],[75.2172,13.5613],[75.2247,13.5523],[75.224,13.5278],[75.2074,13.5263],[75.2053,13.522],[75.2104,13.5206],[75.2028,13.5126],[75.1861,13.5101],[75.1767,13.5016],[75.1703,13.5064],[75.1375,13.4746],[75.1402,13.4633],[75.1172,13.4595],[75.1021,13.492],[75.0981,13.4887],[75.0878,13.4969],[75.0799,13.4962],[75.0767,13.5155],[75.0667,13.5262],[75.0595,13.5226],[75.0626,13.529],[75.0492,13.5407],[75.0469,13.5566],[75.0348,13.5734],[75.0413,13.5834],[75.06,13.5927],[75.0594,13.6078],[75.0361,13.6151],[75.0173,13.6367],[75.0144,13.6626],[75.0269,13.6714],[75.0122,13.6822],[75.013,13.6942],[75.0194,13.6994],[74.9917,13.713],[74.9971,13.7415],[74.9447,13.7639],[74.9387,13.7739],[74.9333,13.7719],[74.9359,13.7908],[74.9289,13.7989],[74.9145,13.8573],[74.8889,13.8679],[74.8678,13.8597],[74.8558,13.8852],[74.8219,13.9088],[74.7949,13.9069],[74.7918,13.9143],[74.7763,13.9162],[74.756,13.9117],[74.736,13.9143],[74.7171,13.907],[74.7111,13.929],[74.6983,13.9299],[74.693,13.9362],[74.7014,13.9398],[74.701,13.9503],[74.6677,13.9844],[74.6662,14.0006],[74.6775,14.0381],[74.656,14.0439],[74.6581,14.0694],[74.6401,14.0975],[74.6556,14.1151],[74.6468,14.1179],[74.6439,14.1441],[74.6291,14.1464],[74.6266,14.1649],[74.6512,14.1729],[74.6666,14.1875],[74.6908,14.1706],[74.6974,14.1762],[74.7037,14.1745],[74.7257,14.1549],[74.7486,14.1514],[74.7494,14.1583],[74.729,14.1786],[74.7171,14.234],[74.7308,14.267],[74.7671,14.2384],[74.7832,14.2381],[74.7851,14.2321],[74.834,14.2308],[74.8568,14.2137],[74.8687,14.2221],[74.8706,14.2425],[74.8809,14.2362],[74.8781,14.217],[74.8965,14.2221],[74.9003,14.2328],[74.9187,14.2313],[74.9298,14.2388],[74.9406,14.2612],[74.9309,14.2691],[74.9294,14.2808],[74.9149,14.2784],[74.9104,14.2892],[74.9179,14.313],[74.9262,14.3217],[74.9787,14.3235],[74.9736,14.3237],[74.9732,14.34],[74.9415,14.3618],[74.953,14.3797],[74.9489,14.4029],[74.9347,14.4082],[74.9216,14.4327],[74.886,14.4313],[74.8814,14.4369],[74.8778,14.4491],[74.8873,14.4605],[74.9216,14.4614],[74.9173,14.4698],[74.895,14.4749],[74.8933,14.4948],[74.9052,14.5168],[74.9058,14.5294],[74.9309,14.5288],[74.9387,14.5209],[74.9576,14.5507],[74.9721,14.5541],[74.979,14.5525],[74.9836,14.5252],[74.9767,14.5214],[74.9935,14.504],[74.9875,14.487],[74.9919,14.4758],[75.0151,14.495],[75.0428,14.5008],[75.0392,14.5264],[75.0625,14.5418],[75.043,14.5458],[75.0266,14.5591],[75.027,14.6084],[75.0512,14.6486],[75.075,14.6535],[75.1014,14.6485],[75.1236,14.6302],[75.1433,14.6315],[75.1465,14.6177],[75.1546,14.6221],[75.1632,14.6172],[75.1672,14.633],[75.1939,14.6226],[75.2038,14.6305],[75.2016,14.6376],[75.2064,14.6355],[75.212,14.6229],[75.2056,14.5973],[75.1822,14.5981],[75.1849,14.5854],[75.2095,14.5739],[75.2237,14.5854],[75.229,14.5834],[75.2286,14.5625],[75.2379,14.5568],[75.2424,14.5572],[75.2479,14.5796],[75.2654,14.5792],[75.288,14.556],[75.2969,14.5385],[75.2922,14.5316],[75.2789,14.5325],[75.2694,14.5255],[75.2701,14.5127],[75.3205,14.5113],[75.3335,14.4913],[75.3473,14.4829],[75.3427,14.4735],[75.3469,14.458],[75.344,14.4344],[75.3585,14.4293],[75.3631,14.4389],[75.3814,14.4316],[75.3783,14.4101],[75.3595,14.4089],[75.349,14.3875],[75.3707,14.37],[75.3916,14.3666],[75.4113,14.3513],[75.4282,14.3489],[75.4774,14.317],[75.4767,14.345],[75.4882,14.3391],[75.4899,14.3468],[75.4996,14.3434],[75.5027,14.3067],[75.5199,14.301],[75.5362,14.2774]]]]}},{"type":"Feature","properties":{"name":"Tumakuru","districts":["Tumakuru"]},"geometry":{"type":"MultiPolygon","coordinates":[[[[76.9772,14.0587],[76.9435,14.0539],[76.9366,14.029],[76.9464,14.0269],[76.9542,14.0131],[76.9809,14.003],[77.0002,13.9879],[76.9948,13.9632],[77.0418,13.9322],[77.0473,13.904],[77.0233,13.8999],[77.012,13.8567],[77.0001,13.8455],[76.9922,13.8458],[76.99,13.8343],[76.9744,13.821],[76.9897,13.8108],[76.9918,13.7996],[76.9873,13.7924],[77.0001,13.7482],[77.0176,13.7394],[77.026,13.7766],[77.0326,13.7782],[77.0414,13.776],[77.0664,13.7457],[77.087,13.7442],[77.0868,13.7602],[77.1017,13.7677],[77.13,13.7578],[77.1441,13.7626],[77.1732,13.7616],[77.178,13.779],[77.1606,13.8075],[77.1688,13.8276],[77.1522,13.8418],[77.1317,13.8498],[77.1303,13.8562],[77.1458,13.8659],[77.169,13.8638],[77.1714,13.8731],[77.1623,13.9066],[77.1659,13.9153],[77.1835,13.9242],[77.1887,13.9081],[77.1816,13.8683],[77.1853,13.8667],[77.2035,13.8664],[77.2115,13.8881],[77.2147,13.8673],[77.2181,13.8684],[77.2321,13.9024],[77.2405,13.9019],[77.2482,13.8958],[77.2474,13.8729],[77.2598,13.8631],[77.2572,13.8465],[77.2898,13.8481],[77.2965,13.8571],[77.3138,13.8644],[77.327,13.8329],[77.3342,13.832],[77.3665,13.8529],[77.3802,13.8454],[77.38,13.8385],[77.4318,13.8425],[77.4335,13.8371],[77.4159,13.8066],[77.4265,13.8071],[77.4242,13.7983],[77.436,13.7954],[77.4479,13.8097],[77.463,13.8072],[77.4582,13.793],[77.4701,13.7511],[77.4644,13.7202],[77.4523,13.7033],[77.4573,13.6834],[77.4402,13.6817],[77.4357,13.6728],[77.4023,13.6725],[77.3839,13.6605],[77.3642,13.6213],[77.365,13.5928],[77.3763,13.5882],[77.3823,13.5759],[77.3845,13.5441],[77.3935,13.5256],[77.3836,13.5118],[77.387,13.5],[77.3733,13.4796],[77.3742,13.4706],[77.3505,13.4527],[77.3652,13.4256],[77.3605,13.4165],[77.3495,13.4173],[77.3437,13.3784],[77.3469,13.346],[77.3398,13.3296],[77.3131,13.3223],[77.3086,13.3105],[77.2827,13.3097],[77.2836,13.2974],[77.2768,13.2983],[77.2715,13.3102],[77.2465,13.3022],[77.2311,13.3107],[77.2233,13.2945],[77.2195,13.2629],[77.2094,13.2618],[77.1891,13.2716],[77.187,13.2552],[77.192,13.2414],[77.1828,13.2271],[77.1937,13.2207],[77.2082,13.1879],[77.1983,13.1803],[77.1697,13.1829],[77.1668,13.1945],[77.1569,13.1912],[77.1495,13.1733],[77.1399,13.1742],[77.1211,13.161],[77.117,13.129],[77.1079,13.1311],[77.1062,13.1408],[77.0973,13.143],[77.0938,13.1339],[77.0731,13.1241],[77.0723,13.1133],[77.0838,13.0866],[77.0715,13.0668],[77.0784,13.0574],[77.073,13.0456],[77.0758,13.0369],[77.1184,13.0135],[77.1009,13.0005],[77.1071,12.9924],[77.1305,12.9938],[77.1267,13.0058],[77.1366,13.0034],[77.1377,12.9954],[77.147,12.988],[77.1344,12.9842],[77.1336,12.9738],[77.1605,12.956],[77.1597,12.9412],[77.1687,12.9296],[77.1602,12.9116],[77.1438,12.9153],[77.1383,12.8988],[77.1287,12.9011],[77.1118,12.8908],[77.121,12.8852],[77.1333,12.8871],[77.1334,12.8581],[77.1505,12.847],[77.1505,12.8326],[77.1571,12.825],[77.1412,12.8085],[77.152,12.792],[77.1495,12.783],[77.1209,12.7717],[77.1079,12.7771],[77.1003,12.7742],[77.0943,12.7523],[77.0822,12.7559],[77.0774,12.7457],[77.0693,12.7549],[77.0518,12.7475],[77.0454,12.7762],[77.0259,12.7614],[77.0181,12.7619],[77.0086,12.7687],[77.011,12.7809],[76.9971,12.7758],[76.9881,12.7874],[76.9742,12.7925],[76.9711,12.8025],[76.9417,12.8041],[76.9325,12.7997],[76.9252,12.8044],[76.8917,12.8533],[76.8928,12.8821],[76.8879,12.8979],[76.8719,12.897],[76.8645,12.9067],[76.8652,12.914],[76.8753,12.9197],[76.8934,12.9175],[76.8901,12.9313],[76.8642,12.9278],[76.8479,12.9434],[76.8392,12.9443],[76.8396,12.9715],[76.8521,12.9773],[76.8275,13.0003],[76.8152,13.0025],[76.8102,13.0121],[76.7875,13.0117],[76.7833,13.027],[76.7624,13.0347],[76.7026,13.0392],[76.6945,13.0352],[76.674,13.0539],[76.6529,13.0065],[76.613,13.0059],[76.6085,13.0086],[76.6035,13.0425],[76.6076,13.0528],[76.6188,13.0523],[76.6201,13.057],[76.6051,13.0728],[76.5334,13.0773],[76.5175,13.0685],[76.5008,13.0847],[76.4997,13.0953],[76.4697,13.0905],[76.4754,13.1469],[76.4574,13.1457],[76.453,13.1632],[76.442,13.1718],[76.4301,13.1698],[76.4274,13.1843],[76.4163,13.1843],[76.4137,13.1911],[76.3962,13.1923],[76.3953,13.1969],[76.3723,13.1986],[76.3709,13.2108],[76.3793,13.2192],[76.3803,13.2311],[76.3659,13.2337],[76.3626,13.2497],[76.3565,13.2503],[76.3558,13.2855],[76.3482,13.3015],[76.3523,13.3241],[76.3464,13.3598],[76.382,13.3636],[76.3813,13.3687],[76.3876,13.3701],[76.4007,13.4201],[76.4184,13.4473],[76.4076,13.4588],[76.4147,13.4774],[76.3978,13.491],[76.3984,13.5025],[76.4163,13.5079],[76.427,13.5234],[76.4017,13.524],[76.3969,13.5338],[76.3834,13.5342],[76.3712,13.5476],[76.3641,13.5461],[76.3541,13.5777],[76.3764,13.5913],[76.3836,13.577],[76.4012,13.5928],[76.4161,13.5776],[76.4351,13.5931],[76.4553,13.5894],[76.4615,13.5967],[76.4612,13.6167],[76.5011,13.6211],[76.4995,13.6261],[76.5181,13.6328],[76.5326,13.6522],[76.5299,13.6631],[76.5398,13.6615],[76.5548,13.6779],[76.5793,13.6877],[76.5734,13.7131],[76.5996,13.7232],[76.6134,13.7226],[76.6212,13.7335],[76.6272,13.7319],[76.6308,13.7142],[76.6604,13.7207],[76.6748,13.718],[76.6744,13.7061],[76.6868,13.6885],[76.6898,13.7432],[76.6985,13.7693],[76.7189,13.7949],[76.7255,13.7961],[76.7363,13.7833],[76.7639,13.7793],[76.7698,13.7995],[76.7673,13.8355],[76.731,13.88],[76.7233,13.8947],[76.7265,13.8993],[76.7551,13.9072],[76.7544,13.9185],[76.7682,13.923],[76.8149,13.916],[76.814,13.9348],[76.8225,13.9398],[76.8236,13.9482],[76.8495,13.9623],[76.8491,13.9782],[76.8252,13.994],[76.8379,14.0148],[76.8758,14.012],[76.8827,14.0172],[76.8957,14.0512],[76.9107,14.0609],[76.9272,14.0584],[76.9309,14.076],[76.9518,14.0915],[76.9774,14.082],[76.9772,14.0587]]],[[[77.1656,14.3426],[77.2023,14.3207],[77.238,14.3176],[77.2639,14.3322],[77.2873,14.3377],[77.2858,14.2827],[77.3657,14.2761],[77.3619,14.2368],[77.3882,14.217],[77.3904,14.1987],[77.4216,14.2101],[77.4224,14.2189],[77.4076,14.2672],[77.3909,14.2724],[77.3815,14.3019],[77.3803,14.3119],[77.3921,14.3316],[77.4013,14.3359],[77.4324,14.3276],[77.4341,14.3117],[77.449,14.3166],[77.4503,14.2844],[77.4614,14.2791],[77.4861,14.2917],[77.4912,14.2822],[77.5031,14.2787],[77.5057,14.2566],[77.4969,14.2347],[77.5173,14.1791],[77.5074,14.1581],[77.4702,14.1713],[77.4164,14.1767],[77.3964,14.1722],[77.3963,14.1605],[77.3834,14.1365],[77.3544,14.1312],[77.3512,14.1029],[77.3656,14.1157],[77.3965,14.1256],[77.4022,14.1104],[77.3864,14.0974],[77.3791,14.0789],[77.3653,14.0659],[77.3447,14.0608],[77.3329,14.0299],[77.3903,14.0144],[77.3801,13.9888],[77.3826,13.9762],[77.4275,13.9841],[77.4377,13.976],[77.4358,13.9506],[77.4148,13.9433],[77.4173,13.9218],[77.4346,13.9165],[77.4328,13.9093],[77.4042,13.8878],[77.3989,13.8871],[77.3975,13.9049],[77.3553,13.9037],[77.3495,13.9194],[77.3695,13.9494],[77.3506,13.958],[77.3606,13.9894],[77.3371,13.9974],[77.3202,14.0318],[77.3102,14.0337],[77.2851,14.0138],[77.2792,14.0149],[77.2781,14.035],[77.2623,14.0278],[77.2491,14.0131],[77.2009,14.0096],[77.1777,14.0153],[77.1679,14.013],[77.1691,14.0045],[77.1607,13.9973],[77.1405,14.0048],[77.1272,14.0488],[77.0824,14.0446],[77.0755,14.046],[77.075,14.0537],[77.0295,14.0597],[77.026,14.0678],[77.0297,14.0898],[77.014,14.1045],[77.0223,14.1124],[77.0259,14.1287],[77.0195,14.1337],[77.0256,14.1842],[77.004,14.1983],[77.0083,14.2194],[77.0022,14.2314],[77.018,14.2413],[77.0462,14.247],[77.0552,14.2458],[77.0811,14.2157],[77.1109,14.2197],[77.1213,14.2632],[77.1127,14.2681],[77.1177,14.2938],[77.1315,14.3079],[77.1376,14.3369],[77.1463,14.3424],[77.1522,14.3385],[77.1579,14.3441],[77.1656,14.3426]]]]}},{"type":"Feature","properties":{"name":"Udupi","districts":["Udupi"]},"geometry":{"type":"MultiPolygon","coordinates":[[[[75.1402,13.4633],[75.1547,13.449],[75.1508,13.4211],[75.1404,13.4079],[75.147,13.3977],[75.1416,13.3887],[75.1322,13.3921],[75.1282,13.3876],[75.1271,13.3692],[75.1127,13.3581],[75.0913,13.3622],[75.089,13.3508],[75.0801,13.3445],[75.1151,13.2846],[75.1385,13.2899],[75.1667,13.2291],[75.1687,13.1999],[75.1761,13.2018],[75.1998,13.1785],[75.1992,13.1727],[75.1822,13.1609],[75.162,13.1333],[75.1586,13.1358],[75.1478,13.127],[75.1388,13.1343],[75.1272,13.1324],[75.1179,13.1089],[75.0832,13.0678],[75.0769,13.0453],[75.0681,13.0458],[75.0474,13.0205],[75.0303,13.016],[75.0297,12.9975],[75.018,12.994],[75.014,12.9841],[75.003,12.9846],[74.9896,12.9891],[74.9864,13.0],[74.9963,13.0039],[74.9989,13.0155],[74.9777,13.0271],[74.9647,13.0135],[74.9564,13.0182],[74.9469,13.0159],[74.9408,13.0046],[74.9281,13.0088],[74.9353,13.0149],[74.9323,13.0345],[74.9051,13.0398],[74.9094,13.0248],[74.8961,13.0304],[74.8838,13.0479],[74.8914,13.0629],[74.8903,13.0955],[74.8737,13.0972],[74.8628,13.1261],[74.8268,13.1284],[74.8113,13.1141],[74.7949,13.1161],[74.7971,13.1005],[74.7908,13.0963],[74.7877,13.1045],[74.7778,13.1027],[74.7701,13.0863],[74.7517,13.176],[74.7387,13.2038],[74.7099,13.3189],[74.7006,13.338],[74.703,13.3443],[74.7192,13.3123],[74.721,13.2871],[74.725,13.2857],[74.7258,13.2907],[74.7247,13.3209],[74.7143,13.3406],[74.6946,13.3576],[74.6942,13.3977],[74.6859,13.4417],[74.6882,13.4539],[74.6908,13.451],[74.6997,13.4155],[74.7109,13.4028],[74.7329,13.4025],[74.743,13.387],[74.739,13.4133],[74.7142,13.4197],[74.7052,13.4334],[74.7168,13.4407],[74.7224,13.4586],[74.7457,13.454],[74.7507,13.4585],[74.7319,13.4755],[74.7161,13.4672],[74.705,13.4424],[74.6954,13.4813],[74.6958,13.4646],[74.6894,13.463],[74.6637,13.631],[74.6733,13.6301],[74.6811,13.6074],[74.6847,13.6223],[74.6811,13.635],[74.6855,13.6384],[74.6962,13.6383],[74.6955,13.6193],[74.7088,13.6148],[74.7236,13.6215],[74.7044,13.6385],[74.7558,13.6331],[74.7602,13.6385],[74.7407,13.6477],[74.7019,13.6536],[74.6998,13.6602],[74.7073,13.6723],[74.6956,13.6668],[74.6795,13.6776],[74.6917,13.6887],[74.7133,13.6967],[74.6845,13.6993],[74.6682,13.7138],[74.6778,13.691],[74.6712,13.6782],[74.6673,13.6416],[74.6496,13.663],[74.6325,13.729],[74.6273,13.7823],[74.6065,13.8586],[74.6239,13.8479],[74.6267,13.8578],[74.6181,13.8649],[74.6119,13.8634],[74.5984,13.8785],[74.5824,13.9259],[74.5979,13.9441],[74.6021,13.9352],[74.6075,13.9414],[74.6252,13.9388],[74.6319,13.9484],[74.6403,13.941],[74.6497,13.9433],[74.6521,13.9504],[74.6469,13.9596],[74.6677,13.9844],[74.6884,13.9599],[74.6969,13.9568],[74.7014,13.9398],[74.693,13.9362],[74.6983,13.9299],[74.7111,13.929],[74.7171,13.907],[74.736,13.9143],[74.756,13.9117],[74.7763,13.9162],[74.7918,13.9143],[74.7949,13.9069],[74.8219,13.9088],[74.8558,13.8852],[74.8678,13.8597],[74.8889,13.8679],[74.9145,13.8573],[74.9289,13.7989],[74.9359,13.7908],[74.9333,13.7719],[74.9387,13.7739],[74.9447,13.7639],[74.9971,13.7415],[74.9917,13.713],[75.0194,13.6994],[75.013,13.6942],[75.0122,13.6822],[75.0269,13.6714],[75.0144,13.6626],[75.0173,13.6367],[75.0361,13.6151],[75.0594,13.6078],[75.06,13.5927],[75.0413,13.5834],[75.0348,13.5734],[75.0469,13.5566],[75.0492,13.5407],[75.0626,13.529],[75.0595,13.5226],[75.0706,13.524],[75.0799,13.4962],[75.0878,13.4969],[75.0981,13.4887],[75.1021,13.492],[75.1122,13.4623],[75.1402,13.4633]]]]}},{"type":"Feature","properties":{"name":"Uttara Kannada","districts":["Uttara Kannada"]},"geometry":{"type":"MultiPolygon","coordinates":[[[[74.3214,15.5175],[74.3403,15.5188],[74.3755,15.482],[74.3862,15.4855],[74.4116,15.4756],[74.4206,15.462],[74.4265,15.3971],[74.4495,15.4087],[74.4548,15.4024],[74.4676,15.4138],[74.4702,15.403],[74.4798,15.3959],[74.4999,15.4046],[74.5153,15.4033],[74.5345,15.4192],[74.5443,15.4173],[74.5676,15.4034],[74.6143,15.3587],[74.6381,15.3739],[74.6383,15.3818],[74.6517,15.3948],[74.6542,15.3901],[74.6918,15.3991],[74.6992,15.4099],[74.7542,15.4099],[74.7671,15.4162],[74.7714,15.4093],[74.7654,15.3991],[74.7825,15.3939],[74.7905,15.3796],[74.7991,15.3768],[74.8212,15.3838],[74.8292,15.3749],[74.822,15.3668],[74.8263,15.3434],[74.8347,15.3334],[74.8551,15.3405],[74.8593,15.3294],[74.8774,15.3149],[74.8762,15.3005],[74.8822,15.298],[74.8898,15.3073],[74.8974,15.3012],[74.909,15.2507],[74.8732,15.213],[74.8771,15.1932],[74.8501,15.1691],[74.8288,15.1333],[74.8535,15.1209],[74.8586,15.1036],[74.8919,15.0981],[74.8811,15.084],[74.8802,15.0724],[74.8865,15.0674],[74.8903,15.048],[74.9072,15.0494],[74.9114,15.0377],[74.9275,15.0502],[74.9398,15.0519],[74.9405,15.0662],[74.961,15.0649],[74.9691,15.0703],[74.9967,15.0724],[75.0227,15.0688],[75.0562,15.0808],[75.0628,15.0715],[75.0813,15.0726],[75.0753,15.0514],[75.0769,15.0288],[75.0696,15.0158],[75.0866,14.9564],[75.101,14.9551],[75.1006,14.9405],[75.106,14.9322],[75.1038,14.926],[75.0707,14.9181],[75.0763,14.8689],[75.0702,14.836],[75.0754,14.8245],[75.0932,14.8177],[75.0946,14.8088],[75.072,14.8059],[75.058,14.8117],[75.0593,14.8015],[75.0711,14.7916],[75.0713,14.7798],[75.0644,14.7724],[75.0424,14.7688],[75.0464,14.7378],[75.0398,14.7276],[75.0254,14.7238],[75.0181,14.7154],[75.0193,14.7093],[75.0323,14.7068],[75.0344,14.6647],[75.0512,14.6486],[75.027,14.6084],[75.0243,14.5641],[75.043,14.5458],[75.0625,14.5418],[75.0392,14.5264],[75.0428,14.5008],[75.0151,14.495],[74.9919,14.4758],[74.9875,14.487],[74.9935,14.504],[74.9767,14.5214],[74.9836,14.5252],[74.979,14.5525],[74.9576,14.5507],[74.9387,14.5209],[74.9309,14.5288],[74.9058,14.5294],[74.8926,14.4794],[74.9173,14.4698],[74.9216,14.4614],[74.8932,14.4639],[74.8778,14.4491],[74.886,14.4313],[74.9216,14.4327],[74.9347,14.4082],[74.9489,14.4029],[74.953,14.3797],[74.9415,14.3618],[74.9732,14.34],[74.9774,14.3207],[74.935,14.3232],[74.9179,14.313],[74.9104,14.2892],[74.9149,14.2784],[74.9294,14.2808],[74.9309,14.2691],[74.9406,14.2612],[74.9379,14.2495],[74.9236,14.234],[74.9003,14.2328],[74.8965,14.2221],[74.8824,14.2173],[74.8781,14.217],[74.8775,14.2247],[74.8809,14.2362],[74.874,14.2435],[74.8687,14.2221],[74.8568,14.2137],[74.834,14.2308],[74.7851,14.2321],[74.7832,14.2381],[74.7671,14.2384],[74.7308,14.267],[74.7171,14.234],[74.729,14.1786],[74.7494,14.1583],[74.7466,14.1504],[74.7257,14.1549],[74.7037,14.1745],[74.6974,14.1762],[74.6908,14.1706],[74.6666,14.1875],[74.6512,14.1729],[74.6266,14.1649],[74.6291,14.1464],[74.6439,14.1441],[74.6468,14.1179],[74.6556,14.1151],[74.6401,14.0975],[74.6581,14.0694],[74.656,14.0439],[74.6775,14.0381],[74.6662,14.0006],[74.6677,13.9844],[74.6469,13.9596],[74.6521,13.9504],[74.6497,13.9433],[74.6403,13.941],[74.6319,13.9484],[74.6252,13.9388],[74.6075,13.9414],[74.6021,13.9352],[74.5979,13.9441],[74.5824,13.9259],[74.5668,13.9485],[74.5376,13.9601],[74.5403,13.9717],[74.5301,13.9736],[74.5158,13.9895],[74.506,14.0255],[74.5244,14.0248],[74.5236,14.0339],[74.5132,14.0355],[74.5051,14.0515],[74.5101,14.0345],[74.5079,14.0309],[74.5011,14.0411],[74.4971,14.0683],[74.4834,14.0997],[74.4746,14.1693],[74.465,14.1982],[74.4488,14.2155],[74.4324,14.2621],[74.4378,14.2655],[74.4583,14.2487],[74.4702,14.2557],[74.498,14.2434],[74.5271,14.2398],[74.491,14.2636],[74.4883,14.2778],[74.4723,14.2837],[74.4688,14.2919],[74.4607,14.2836],[74.4436,14.2811],[74.426,14.305],[74.4323,14.2796],[74.4314,14.273],[74.4256,14.281],[74.4035,14.3675],[74.405,14.3817],[74.3974,14.4083],[74.403,14.419],[74.3853,14.4238],[74.3755,14.4642],[74.3571,14.4995],[74.3567,14.5106],[74.3643,14.5207],[74.3755,14.519],[74.3783,14.5095],[74.3731,14.4973],[74.3803,14.4873],[74.3751,14.4821],[74.3872,14.451],[74.4082,14.4485],[74.4119,14.4709],[74.4221,14.4726],[74.4415,14.4566],[74.4362,14.4716],[74.4157,14.4813],[74.401,14.4959],[74.3766,14.533],[74.3776,14.5405],[74.3691,14.5429],[74.3676,14.5592],[74.3523,14.536],[74.3517,14.524],[74.341,14.5166],[74.3308,14.5142],[74.3087,14.5202],[74.3143,14.5512],[74.2946,14.5919],[74.3293,14.6034],[74.3663,14.5918],[74.3841,14.5923],[74.4124,14.6074],[74.4296,14.6246],[74.4193,14.6234],[74.3914,14.6038],[74.3637,14.5982],[74.3477,14.6087],[74.3208,14.6105],[74.3169,14.6157],[74.3055,14.6013],[74.2847,14.6085],[74.2718,14.627],[74.2809,14.6289],[74.2847,14.6364],[74.2801,14.6571],[74.2856,14.663],[74.275,14.6652],[74.2795,14.6731],[74.2759,14.6888],[74.2556,14.7073],[74.2652,14.7172],[74.2465,14.7395],[74.2366,14.7473],[74.228,14.7469],[74.2242,14.7351],[74.2039,14.7328],[74.2067,14.7206],[74.2002,14.7202],[74.1797,14.7455],[74.1669,14.7521],[74.1772,14.7667],[74.1626,14.765],[74.1572,14.747],[74.1437,14.7745],[74.1321,14.7782],[74.1221,14.7739],[74.1194,14.7832],[74.1094,14.7845],[74.1074,14.7928],[74.095,14.7977],[74.0952,14.8031],[74.1205,14.802],[74.1263,14.8344],[74.162,14.8381],[74.1568,14.8128],[74.1699,14.8245],[74.1706,14.8406],[74.1789,14.8451],[74.1762,14.8551],[74.2158,14.8684],[74.2313,14.8597],[74.2501,14.8713],[74.2488,14.876],[74.2342,14.8716],[74.2087,14.8758],[74.2101,14.8889],[74.1914,14.8797],[74.1791,14.8811],[74.1748,14.8703],[74.1667,14.873],[74.1622,14.8624],[74.1425,14.8571],[74.1375,14.8458],[74.1242,14.8473],[74.121,14.8384],[74.1125,14.8458],[74.1062,14.868],[74.0965,14.8801],[74.0978,14.8923],[74.088,14.896],[74.1061,14.9137],[74.1252,14.9152],[74.1326,14.9231],[74.1687,14.9115],[74.1594,14.942],[74.1655,14.9536],[74.1737,14.9556],[74.1837,14.9543],[74.1976,14.9405],[74.1966,14.93],[74.2054,14.924],[74.2183,14.944],[74.2353,14.9491],[74.2375,14.9601],[74.2558,14.9602],[74.2639,14.9693],[74.2677,14.9778],[74.2554,14.9934],[74.2644,14.9975],[74.2702,15.0122],[74.2837,15.0242],[74.2829,15.0327],[74.2962,15.0425],[74.2891,15.0653],[74.2811,15.0719],[74.2776,15.0966],[74.2721,15.0985],[74.2869,15.1225],[74.2833,15.1457],[74.2953,15.1524],[74.3159,15.1866],[74.3005,15.2257],[74.2571,15.2443],[74.2511,15.2601],[74.2616,15.2608],[74.2766,15.2837],[74.2829,15.2815],[74.2961,15.2883],[74.3281,15.2853],[74.3356,15.2954],[74.3172,15.332],[74.3223,15.3458],[74.3164,15.3597],[74.3222,15.3697],[74.2994,15.3829],[74.2799,15.385],[74.2763,15.391],[74.2782,15.4039],[74.2692,15.4263],[74.2761,15.4455],[74.2498,15.4918],[74.2543,15.5031],[74.2852,15.5251],[74.3214,15.5175]]],[[[74.4703,14.276],[74.4789,14.276],[74.482,14.2653],[74.4585,14.2721],[74.4703,14.276]]],[[[74.3991,14.4613],[74.3924,14.4629],[74.3918,14.477],[74.4019,14.4717],[74.3991,14.4613]]],[[[74.4016,14.3112],[74.394,14.3129],[74.3953,14.3177],[74.4004,14.3181],[74.4016,14.3112]]]]}},{"type":"Feature","properties":{"name":"Vijayapura","districts":["Vijayapura"]},"geometry":{"type":"MultiPolygon","coordinates":[[[[76.0734,17.334],[76.0665,17.3092],[76.0973,17.2912],[76.0878,17.2665],[76.0904,17.256],[76.1249,17.2447],[76.1885,17.1858],[76.2199,17.1841],[76.2444,17.1489],[76.2552,17.1469],[76.2762,17.1638],[76.3237,17.1679],[76.3602,17.1839],[76.3685,17.1644],[76.3607,17.138],[76.3938,17.1403],[76.3931,17.1331],[76.3634,17.1129],[76.3848,17.0989],[76.39,17.0677],[76.4298,17.0993],[76.4271,17.0518],[76.4382,17.0067],[76.4353,16.9802],[76.4007,16.9758],[76.4012,16.9346],[76.4191,16.9263],[76.4277,16.928],[76.4367,16.9414],[76.4461,16.9407],[76.4528,16.9256],[76.4592,16.9243],[76.4658,16.9028],[76.4353,16.8978],[76.4381,16.8673],[76.4593,16.8658],[76.4639,16.8487],[76.4697,16.8485],[76.4702,16.8393],[76.462,16.833],[76.4312,16.8375],[76.4295,16.8479],[76.4038,16.8575],[76.3748,16.8586],[76.3582,16.838],[76.3548,16.8187],[76.414,16.8126],[76.4115,16.7976],[76.3969,16.8042],[76.3788,16.8009],[76.372,16.7674],[76.4354,16.7628],[76.4437,16.7562],[76.4409,16.7416],[76.43,16.736],[76.4205,16.7154],[76.4433,16.7128],[76.4474,16.7216],[76.4589,16.7213],[76.4619,16.707],[76.4518,16.7114],[76.4267,16.6954],[76.426,16.6844],[76.4051,16.6477],[76.4096,16.6132],[76.4177,16.5991],[76.4142,16.5897],[76.4216,16.577],[76.4359,16.5112],[76.4316,16.4998],[76.4373,16.4349],[76.3915,16.4349],[76.384,16.4223],[76.3338,16.4239],[76.3327,16.4086],[76.3379,16.3984],[76.334,16.3896],[76.3105,16.3947],[76.3062,16.3764],[76.316,16.3448],[76.3069,16.3442],[76.3027,16.3353],[76.2954,16.334],[76.2941,16.3245],[76.3052,16.3155],[76.3022,16.2834],[76.3221,16.285],[76.3482,16.274],[76.3461,16.2461],[76.3544,16.2259],[76.3293,16.1911],[76.2984,16.1822],[76.2884,16.1555],[76.2815,16.1498],[76.17,16.1839],[76.1415,16.1805],[76.0668,16.2078],[76.0598,16.2194],[76.0685,16.2417],[76.0669,16.2588],[76.0283,16.2984],[75.9592,16.2975],[75.9345,16.3137],[75.8912,16.3261],[75.874,16.3431],[75.8387,16.3507],[75.7823,16.3799],[75.7245,16.3904],[75.6434,16.4402],[75.6046,16.4448],[75.5922,16.4378],[75.5725,16.41],[75.5569,16.4221],[75.5529,16.456],[75.5363,16.4646],[75.4989,16.4516],[75.5006,16.4331],[75.4934,16.4195],[75.45,16.4133],[75.4347,16.4289],[75.4347,16.4374],[75.4602,16.4667],[75.4563,16.5056],[75.4866,16.509],[75.4852,16.519],[75.4922,16.5237],[75.4875,16.5314],[75.4886,16.5491],[75.4839,16.5573],[75.474,16.5605],[75.4844,16.5699],[75.4927,16.5926],[75.4834,16.6063],[75.4615,16.6215],[75.4556,16.6631],[75.4457,16.6634],[75.4393,16.697],[75.4844,16.6933],[75.491,16.698],[75.4941,16.7397],[75.4924,16.7452],[75.4641,16.7552],[75.4477,16.7553],[75.4276,16.7668],[75.3878,16.7619],[75.3779,16.8083],[75.3946,16.8605],[75.3346,16.8681],[75.3339,16.9144],[75.3429,16.9541],[75.3925,16.978],[75.4289,16.9651],[75.4417,16.9811],[75.4659,16.987],[75.4666,16.9812],[75.4806,16.9776],[75.4878,16.9671],[75.4906,16.9446],[75.5088,16.949],[75.5311,16.9684],[75.5687,16.9654],[75.5683,17.0079],[75.5742,17.0095],[75.608,17.0048],[75.6092,16.9714],[75.635,16.9676],[75.6437,16.9528],[75.6772,16.9658],[75.6676,16.9795],[75.671,17.0375],[75.6527,17.0324],[75.6424,17.0381],[75.6614,17.0635],[75.6772,17.0646],[75.6728,17.1152],[75.6523,17.1148],[75.6513,17.1344],[75.6266,17.1717],[75.6292,17.1877],[75.6412,17.1897],[75.6607,17.2099],[75.6585,17.2629],[75.6561,17.2721],[75.6308,17.2737],[75.6232,17.2952],[75.6044,17.3047],[75.6145,17.3302],[75.6115,17.3437],[75.5832,17.3512],[75.5768,17.3843],[75.6142,17.3932],[75.6085,17.4209],[75.6138,17.4234],[75.6341,17.4788],[75.6481,17.4747],[75.6609,17.461],[75.6762,17.4593],[75.6899,17.414],[75.7139,17.4103],[75.7359,17.4233],[75.7687,17.4083],[75.7813,17.3803],[75.8014,17.3716],[75.8142,17.3753],[75.8238,17.4243],[75.8381,17.422],[75.8552,17.4091],[75.8612,17.3874],[75.8782,17.4018],[75.8777,17.418],[75.8866,17.4188],[75.8958,17.3965],[75.893,17.3552],[75.9101,17.3474],[75.9307,17.3257],[75.9712,17.3381],[76.0,17.3394],[76.0152,17.3523],[76.0365,17.3506],[76.0544,17.356],[76.0631,17.3536],[76.0734,17.334]]]]}},{"type":"Feature","properties":{"name":"Yadgir","districts":["Yadgir"]},"geometry":{"type":"MultiPolygon","coordinates":[[[[77.4565,16.8851],[77.4617,16.8829],[77.4644,16.8582],[77.4607,16.8275],[77.4669,16.8083],[77.4759,16.8],[77.4753,16.7829],[77.4416,16.7869],[77.4394,16.7533],[77.4275,16.7183],[77.4415,16.7114],[77.4496,16.7176],[77.471,16.7158],[77.4693,16.6822],[77.4659,16.6763],[77.4506,16.6781],[77.4413,16.6705],[77.4207,16.6667],[77.421,16.6586],[77.4322,16.654],[77.4404,16.6465],[77.4371,16.6416],[77.4425,16.6401],[77.4657,16.6528],[77.4736,16.6509],[77.4581,16.6178],[77.4581,16.6114],[77.4679,16.6088],[77.4685,16.5992],[77.4631,16.5961],[77.4685,16.5882],[77.441,16.5852],[77.4215,16.5679],[77.3956,16.5692],[77.3944,16.5637],[77.4057,16.5508],[77.4199,16.548],[77.4195,16.5219],[77.3832,16.5148],[77.3732,16.5061],[77.3704,16.4881],[77.3284,16.4849],[77.3006,16.4954],[77.296,16.4776],[77.2554,16.4718],[77.2427,16.4768],[77.239,16.472],[77.2621,16.4513],[77.2683,16.434],[77.2886,16.407],[77.2678,16.4021],[77.2438,16.4167],[77.1712,16.435],[77.1645,16.4432],[77.1643,16.4614],[77.1519,16.4757],[77.115,16.4822],[77.0588,16.5177],[77.046,16.5166],[77.0266,16.5016],[77.0143,16.5011],[77.0067,16.5158],[77.0111,16.5454],[77.0,16.5587],[76.9828,16.5608],[76.9724,16.5531],[76.9715,16.5335],[76.9775,16.5179],[76.9702,16.5051],[76.9124,16.4858],[76.8826,16.493],[76.8696,16.4864],[76.8632,16.4551],[76.848,16.4335],[76.7855,16.4163],[76.7595,16.4264],[76.7472,16.4121],[76.6484,16.3588],[76.6051,16.3394],[76.5804,16.3404],[76.5465,16.315],[76.515,16.2994],[76.4788,16.2901],[76.4184,16.2501],[76.407,16.2352],[76.4001,16.2358],[76.3466,16.1963],[76.3293,16.1911],[76.3544,16.2259],[76.3461,16.2461],[76.3482,16.274],[76.3221,16.285],[76.3022,16.2834],[76.3052,16.3155],[76.2941,16.3245],[76.2954,16.334],[76.3027,16.3353],[76.3069,16.3442],[76.316,16.3448],[76.3062,16.3764],[76.3105,16.3947],[76.334,16.3896],[76.3379,16.3984],[76.3327,16.4086],[76.3338,16.4239],[76.384,16.4223],[76.3915,16.4349],[76.4373,16.4349],[76.4316,16.4998],[76.4359,16.5112],[76.4216,16.577],[76.4142,16.5897],[76.4177,16.5991],[76.4096,16.6132],[76.4051,16.6477],[76.426,16.6844],[76.4267,16.6954],[76.4383,16.7067],[76.4518,16.7114],[76.4592,16.7057],[76.4602,16.7115],[76.4755,16.7093],[76.501,16.7173],[76.5094,16.7411],[76.527,16.7539],[76.5477,16.7519],[76.6052,16.7656],[76.6142,16.7658],[76.6342,16.7366],[76.6511,16.7308],[76.6595,16.7532],[76.6947,16.7863],[76.7114,16.7866],[76.7387,16.7773],[76.7437,16.7824],[76.7455,16.8171],[76.7554,16.831],[76.7873,16.8416],[76.8328,16.8773],[76.847,16.8776],[76.8955,16.896],[76.9228,16.8817],[76.9155,16.863],[76.9042,16.8516],[76.9059,16.8343],[76.9165,16.8221],[76.9343,16.8287],[76.9925,16.8187],[76.9986,16.83],[76.9827,16.8507],[76.9928,16.8621],[77.0108,16.8625],[77.0413,16.8792],[77.0214,16.9085],[77.0263,16.9173],[77.0429,16.9226],[77.0617,16.9465],[77.072,16.9505],[77.0865,16.9346],[77.091,16.9037],[77.1039,16.9003],[77.1409,16.9196],[77.1576,16.9199],[77.1792,16.934],[77.1998,16.9331],[77.2228,16.9422],[77.2395,16.9426],[77.2734,16.9246],[77.3208,16.9342],[77.3351,16.9307],[77.3756,16.8967],[77.3899,16.8933],[77.4103,16.8998],[77.4081,16.8812],[77.4565,16.8851]]]]}}]}